job_key,job_title,salary_low,salary_high,is_remote,is_intern,role,seniority,is_scientist,is_analyst,is_ml_engineer,is_research,role_unknown,is_junior,is_senior,seniority_unknown,salary_avg
job-0011b268f48bc6c2,Data Analytics Intern (Summer 2023 - Remote),40000,51000,1,1,Analyst,None,0,1,0,0,0,0,0,1,45500.0
job-0044953d92fa1cc7,Data Analyst,65000,75000,0,0,Analyst,None,0,1,0,0,0,0,0,1,70000.0
job-0072004f2d3180a4,Data Scientist (Remote),96000,220000,1,0,Scientist,None,1,0,0,0,0,0,0,1,158000.0
job-00d80147a1b5d603,Data Scientist,106000,134000,0,0,Scientist,None,1,0,0,0,0,0,0,1,120000.0
job-01902d8707f063a4,Data Scientist I,74000,94000,1,0,Scientist,None,1,0,0,0,0,0,0,1,84000.0
job-01acda57dd1ee035,Data Scientist,85000,108000,0,0,Scientist,None,1,0,0,0,0,0,0,1,96500.0
job-01bc99b11ef5cfb9,Data Scientist I,98000,124000,0,0,Scientist,None,1,0,0,0,0,0,0,1,111000.0
job-01f2291640f5921c,DATA ENGINEER: INFORMATICA,85000,108000,1,0,MLEngineer,None,0,0,1,0,0,0,0,1,96500.0
job-01fc8bb546b86f0c,Data Engineer,90000,115000,0,0,MLEngineer,None,0,0,1,0,0,0,0,1,102500.0
job-02029f355417cfc6,Artificial Intelligence (AI)/Machine Learning (ML) Graduate,117000,149000,0,0,MLEngineer,None,0,0,1,0,0,0,0,1,133000.0
job-0459faf946006dc9,Junior Data Scientist (Data science and AI),84000,107000,0,0,Scientist,Jr.,1,0,0,0,0,1,0,0,95500.0
job-046638552d4cb0ca,Junior Data Analyst,68000,86000,1,0,Analyst,Jr.,0,1,0,0,0,1,0,0,77000.0
job-04d8daa933d28271,Sr. Digital Data Analyst – Remote,96330,144560,1,0,Analyst,Sr.,0,1,0,0,0,0,1,0,120445.0
job-05f7fd765c4bd9d7,Data Engineer,100000,130000,1,0,MLEngineer,None,0,0,1,0,0,0,0,1,115000.0
job-060c0f71a5eac4a8,"Intern, Integrated Analytics - Summer 2023",34000,43000,1,1,Analyst,None,0,1,0,0,0,0,0,1,38500.0
job-0676301fe9bfbd9d,Data Engineer,105000,132000,0,0,MLEngineer,None,0,0,1,0,0,0,0,1,118500.0
job-06e65096698ac9c5,(Remote) Data Scientist - Rockefeller Neuroscience Institute,59000,75000,1,0,Scientist,None,1,0,0,0,0,0,0,1,67000.0
job-07696f51c770dba2,Statistical Analyst (Remote),55000,63000,1,0,Analyst,None,0,1,0,0,0,0,0,1,59000.0
job-0797666d07350dba,Data Science Intern,48000,61000,0,1,Scientist,None,1,0,0,0,0,0,0,1,54500.0
job-082d8a60f784a790,Data Scientist,101500,145000,0,0,Scientist,None,1,0,0,0,0,0,0,1,123250.0
job-08355578b3b5058b,Data Science Engineering Intern,44000,56000,0,1,MLEngineer,None,0,0,1,0,0,0,0,1,50000.0
job-089d31b5fc826ce2,Data Scientist and Visualization Developer,110000,140000,0,0,Scientist,None,1,0,0,0,0,0,0,1,125000.0
job-090182c7de816b87,Data Science Intern,42000,53000,0,1,Scientist,None,1,0,0,0,0,0,0,1,47500.0
job-0918ebf91e47d8fc,Data Engineer,160000,170000,0,0,MLEngineer,None,0,0,1,0,0,0,0,1,165000.0
job-094f305c57858a88,Data Scientist,122000,154000,0,0,Scientist,None,1,0,0,0,0,0,0,1,138000.0
job-09697effdb4f6086,Data Scientist II - Remote,100000,125000,1,0,Scientist,None,1,0,0,0,0,0,0,1,112500.0
job-0a756a1add50eec1,Sales Operations Analyst,48000,61000,1,1,Analyst,None,0,1,0,0,0,0,0,1,54500.0
job-0bc449d9c7bf618d,Data Engineer,96900,131100,0,0,MLEngineer,None,0,0,1,0,0,0,0,1,114000.0
job-0bc96cc6a2b24d8e,Data Science/Engineering Intern,70000,88000,0,1,MLEngineer,None,0,0,1,0,0,0,0,1,79000.0
job-0cf4f93d3fdf3bfd,"Data Scientist, Growth",160000,255000,0,0,Scientist,None,1,0,0,0,0,0,0,1,207500.0
job-0d75247d02f8f6cc,Junior Data Scientist - Remote US,71000,90000,1,0,Scientist,Jr.,1,0,0,0,0,1,0,0,80500.0
job-0d8c028ae9e54edc,Data Scientist,80000,101000,0,0,Scientist,None,1,0,0,0,0,0,0,1,90500.0
job-0e1d5967104a888e,2023 Data Science Intern,29000,37000,0,1,Scientist,None,1,0,0,0,0,0,0,1,33000.0
job-0e2a587c048b2220,Data Engineer,84000,107000,0,0,MLEngineer,None,0,0,1,0,0,0,0,1,95500.0
job-0ec984e59d3ce730,Data Scientist,104000,132000,1,0,Scientist,None,1,0,0,0,0,0,0,1,118000.0
job-0ee0a329d388a628,Internship 2023 - DFM Operations Intern,35000,44000,0,1,Unidentified,None,0,0,0,0,1,0,0,1,39500.0
job-0f39f4097013f08c,"Data Scientist IV, Utility Reliability - REMOTE",119900,159500,0,0,Scientist,None,1,0,0,0,0,0,0,1,139700.0
job-0f5c5e6c57cc4200,Data Science Analyst I or II,63000,80000,0,0,Analyst,None,0,1,0,0,0,0,0,1,71500.0
job-1266d610b3f33877,"Experimentation and Causal Inference Intern, Data Science and Engineering",70000,89000,0,1,MLEngineer,None,0,0,1,0,0,0,0,1,79500.0
job-1292d743fbc2f949,Data Engineer/Data Scientist,100000,180000,1,0,MLEngineer,None,0,0,1,0,0,0,0,1,140000.0
job-1486a8364c710044,Data Engineer,77500,103000,1,0,MLEngineer,None,0,0,1,0,0,0,0,1,90250.0
job-14b0a19ce66d555d,Data Engineer,85000,109000,0,0,MLEngineer,None,0,0,1,0,0,0,0,1,97000.0
job-14df9bc1246c5c66,Senior Data Scientist,125000,185000,0,0,Scientist,Sr.,1,0,0,0,0,0,1,0,155000.0
job-159bef873366f13f,Data Science Analyst (Remote),130000,130000,1,0,Analyst,None,0,1,0,0,0,0,0,1,130000.0
job-15b6732e63ee8188,Head of Data Science,190000,260000,1,0,Scientist,None,1,0,0,0,0,0,0,1,225000.0
job-16ab7189e6f995cf,Data Engineer,104000,131000,1,0,MLEngineer,None,0,0,1,0,0,0,0,1,117500.0
job-17465dcacdbf8d67,Jr. Software Engineer,85000,109000,1,0,MLEngineer,Jr.,0,0,1,0,0,1,0,0,97000.0
job-17bc43b431871b45,Data Analyst,47000,60000,0,0,Analyst,None,0,1,0,0,0,0,0,1,53500.0
job-18a754e619e0a423,Data Scientist,98000,125000,0,0,Scientist,None,1,0,0,0,0,0,0,1,111500.0
job-18bd709e00fbc35d,Data Scientist,127000,160000,0,0,Scientist,None,1,0,0,0,0,0,0,1,143500.0
job-19a9f2a4deb9847c,Data Scientist,108000,136000,1,0,Scientist,None,1,0,0,0,0,0,0,1,122000.0
job-1a044f6636826eee,"Data Engineering Intern, Data Science and Engineering",73000,93000,0,1,MLEngineer,None,0,0,1,0,0,0,0,1,83000.0
job-1a71dae9eb5d9c70,Data Engineer,106000,134000,1,0,MLEngineer,None,0,0,1,0,0,0,0,1,120000.0
job-1adf265cf6f45232,Data Scientist,130000,164000,1,0,Scientist,None,1,0,0,0,0,0,0,1,147000.0
job-1ae2ff28f49416a5,Data Scientist,53000,67000,0,0,Scientist,None,1,0,0,0,0,0,0,1,60000.0
job-1b398e573d09e0cb,"Data Engineer, Search Engine Optimization",134000,179500,1,0,MLEngineer,None,0,0,1,0,0,0,0,1,156750.0
job-1b6c11f7e66985e0,Junior Data Scientist (US - East Coast),63000,80000,0,0,Scientist,Jr.,1,0,0,0,0,1,0,0,71500.0
job-1bd75dfa708037d4,Data Scientists,99000,125000,0,0,Scientist,None,1,0,0,0,0,0,0,1,112000.0
job-1c971fa15a15e993,Data Engineer,90000,115000,0,0,MLEngineer,None,0,0,1,0,0,0,0,1,102500.0
job-1d187791ab447593,Data Engineer General,72000,91000,0,0,MLEngineer,None,0,0,1,0,0,0,0,1,81500.0
job-1d6ea52576020fee,Data Scientist,75000,95000,1,0,Scientist,None,1,0,0,0,0,0,0,1,85000.0
job-1e69606a89666508,Data Visualization Specialist,72176,108909,1,0,Unidentified,None,0,0,0,0,1,0,0,1,90542.5
job-1f0af9e4705a18eb,2023 University Graduate - Data Science 1,84000,107000,0,0,Scientist,None,1,0,0,0,0,0,0,1,95500.0
job-1f7832ce253836a3,Summer 2023 Data Center GPU Validation Co-Op/ Intern,70000,89000,0,1,Unidentified,None,0,0,0,0,1,0,0,1,79500.0
job-20aaed49d55b16de,Data Scientist I,75000,94000,0,0,Scientist,None,1,0,0,0,0,0,0,1,84500.0
job-20d3e043ea23ef18,Data Analyst (Remote),60000,80000,1,0,Analyst,None,0,1,0,0,0,0,0,1,70000.0
job-20df28fa224fe0b6,Senior Data Analyst,115000,250000,1,0,Analyst,Sr.,0,1,0,0,0,0,1,0,182500.0
job-2125271a37f60153,Research Data Scientist,134000,170000,1,0,Research,None,0,0,0,1,0,0,0,1,152000.0
job-22409aeaca7a375b,Data Scientist,130000,300000,1,0,Scientist,None,1,0,0,0,0,0,0,1,215000.0
job-227657f7f2463141,"Associate Data Scientist, 2023 Graduate",80000,101000,0,0,Scientist,Jr.,1,0,0,0,0,1,0,0,90500.0
job-2331eec5e4e44055,Data Scientist (Remote),106000,134000,1,0,Scientist,None,1,0,0,0,0,0,0,1,120000.0
job-233493435dd70c94,Data Scientist (1386547),116000,147000,0,0,Scientist,None,1,0,0,0,0,0,0,1,131500.0
job-23eaf853901b8974,Data Science & Analytics Development Program 2023a,80000,102000,0,0,Analyst,None,0,1,0,0,0,0,0,1,91000.0
job-241407ac3f3b31d6,Data Science Intern,60000,75000,0,1,Scientist,None,1,0,0,0,0,0,0,1,67500.0
job-259055e87f13965c,"Data Engineer, 1",134000,164000,0,0,MLEngineer,None,0,0,1,0,0,0,0,1,149000.0
job-260b91c2b4825639,Data Scientist,84000,107000,0,0,Scientist,None,1,0,0,0,0,0,0,1,95500.0
job-264fe6de0d004f5d,Data Scientist,74000,94000,0,0,Scientist,None,1,0,0,0,0,0,0,1,84000.0
job-266351fa2c92d811,Data Scientist,99595,129472,1,0,Scientist,None,1,0,0,0,0,0,0,1,114533.5
job-266dae378e31712d,Data Analyst,63000,80000,1,0,Analyst,None,0,1,0,0,0,0,0,1,71500.0
job-280e08ef04cb7740,Data Scientist,90000,115000,1,0,Scientist,None,1,0,0,0,0,0,0,1,102500.0
job-2904db10639ec9c3,R&I Data Science & Sustainability Internship - 12 Months,44000,56000,0,1,Scientist,None,1,0,0,0,0,0,0,1,50000.0
job-2a15ae67684a6dde,Data Analyst,78000,99000,1,0,Analyst,None,0,1,0,0,0,0,0,1,88500.0
job-2b4f6660895f9574,Data Analyst,80000,110000,0,0,Analyst,None,0,1,0,0,0,0,0,1,95000.0
job-2b7f43aae2c37421,"Data Scientist, Risk",117000,148000,0,0,Scientist,None,1,0,0,0,0,0,0,1,132500.0
job-2c189f217200e1c2,"Junior Researcher, Data Science",69000,87000,0,0,Research,Jr.,0,0,0,1,0,1,0,0,78000.0
job-2c1ed3624830359b,Research Data Science Intern,66000,84000,0,1,Research,None,0,0,0,1,0,0,0,1,75000.0
job-2e68f94e4620164d,Data Engineer - ETL,94000,120000,0,0,MLEngineer,None,0,0,1,0,0,0,0,1,107000.0
job-2ebc0a1b1b589f8a,Data Scientist,80000,80000,0,0,Scientist,None,1,0,0,0,0,0,0,1,80000.0
job-2ef2433a09309f54,Data Scientist,93000,118000,0,0,Scientist,None,1,0,0,0,0,0,0,1,105500.0
job-2f18ae87825483ca,Data Science Intern,43000,54000,0,1,Scientist,None,1,0,0,0,0,0,0,1,48500.0
job-2f7577d331547bec,Associate Machine Learning Engineer (Remote),73000,92000,1,0,MLEngineer,Jr.,0,0,1,0,0,1,0,0,82500.0
job-3052cab2ca9408ad,"Data Scientist I, Risk Analytics",115360,151410,1,0,Analyst,None,0,1,0,0,0,0,0,1,133385.0
job-30ae6c0eb6c2fb40,Technology Intern- Technology Summer Internship Program,75000,90000,0,1,Unidentified,None,0,0,0,0,1,0,0,1,82500.0
job-30c2bfb3dabbd1df,Data Scientist,100984,131277,1,0,Scientist,None,1,0,0,0,0,0,0,1,116130.5
job-30f80792440292e7,"Senior Associate, Data Science (R-13261)",73000,92000,1,0,Scientist,Jr.,1,0,0,0,0,1,0,0,82500.0
job-31f050977b6b88e7,Director - Data Science,133000,168000,0,0,Scientist,Sr.,1,0,0,0,0,0,1,0,150500.0
job-3239a1fa7c5a474b,Junior Data Scientist,81000,103000,0,0,Scientist,Jr.,1,0,0,0,0,1,0,0,92000.0
job-332bb4ffd55ade85,Data Analytics Manager (Remote),210000,210000,1,0,Analyst,Sr.,0,1,0,0,0,0,1,0,210000.0
job-3366271063a2aadc,Data Scientist,105000,133000,1,0,Scientist,None,1,0,0,0,0,0,0,1,119000.0
job-33a5380c2fb99063,Data Scientist | Remote-US,91000,116000,1,0,Scientist,None,1,0,0,0,0,0,0,1,103500.0
job-33a89a95b75ac898,Data Scientist Intern,39000,50000,0,1,Scientist,None,1,0,0,0,0,0,0,1,44500.0
job-340580918cebc59a,Principal Data Scientist,138000,174000,0,0,Scientist,None,1,0,0,0,0,0,0,1,156000.0
job-34168de0afe6d03b,"Data Engineer L5, Playback",127000,161000,0,0,MLEngineer,None,0,0,1,0,0,0,0,1,144000.0
job-3438b193c2839efd,"Data Engineer, Omaha",131000,166000,0,0,MLEngineer,None,0,0,1,0,0,0,0,1,148500.0
job-344460511542411d,Senior Data Engineer (Remote),109000,138000,1,0,MLEngineer,Sr.,0,0,1,0,0,0,1,0,123500.0
job-3595d063e3084b41,Network Data Scientist,130000,180000,1,0,Scientist,None,1,0,0,0,0,0,0,1,155000.0
job-35fb9c810e340ea8,"2023 Summer (May- Aug) Intern, Data Science",40000,50000,0,1,Scientist,None,1,0,0,0,0,0,0,1,45000.0
job-375f10c6aa43360e,Senior Data Scientist,121000,153000,1,0,Scientist,Sr.,1,0,0,0,0,0,1,0,137000.0
job-378637ce972ec692,Data Scientist,120000,180000,1,0,Scientist,None,1,0,0,0,0,0,0,1,150000.0
job-380e4480b1f38d63,Data Center Specialist,30000,58000,0,0,Unidentified,None,0,0,0,0,1,0,0,1,44000.0
job-3837064918d4e5fb,Data Scientist Intern,48000,60000,0,1,Scientist,None,1,0,0,0,0,0,0,1,54000.0
job-38ae3e9b8611137d,Data Scientist,80000,80000,1,0,Scientist,None,1,0,0,0,0,0,0,1,80000.0
job-38c285cf84dd086e,Senior Data Scientist (Remote),96000,220000,1,0,Scientist,Sr.,1,0,0,0,0,0,1,0,158000.0
job-394cdda7ee2e601a,Data Science Intern (Spring),41000,52000,1,1,Scientist,None,1,0,0,0,0,0,0,1,46500.0
job-3a1eb2d5f9f0a093,Data Engineer,93000,119000,0,0,MLEngineer,None,0,0,1,0,0,0,0,1,106000.0
job-3ac8374fbb32a5bb,Data Scientist,122000,154000,1,0,Scientist,None,1,0,0,0,0,0,0,1,138000.0
job-3aecd3e9a13bbdb2,Data Scientist,92000,117000,0,0,Scientist,None,1,0,0,0,0,0,0,1,104500.0
job-3af02d93417e951c,Junior Data Scientist,55000,60000,1,1,Scientist,Jr.,1,0,0,0,0,1,0,0,57500.0
job-3bf03330105afbbe,Data Engineer,110000,110000,0,0,MLEngineer,None,0,0,1,0,0,0,0,1,110000.0
job-3c1a8f0015f73188,Data Analytics Intern,37000,47000,0,1,Analyst,None,0,1,0,0,0,0,0,1,42000.0
job-3cec83dc45f5811a,Data Scientist II,81000,104000,0,0,Scientist,None,1,0,0,0,0,0,0,1,92500.0
job-3d002937d72cdd24,Data Scientist,127000,161000,0,0,Scientist,None,1,0,0,0,0,0,0,1,144000.0
job-3d91424591cbbf79,Associate PL/SQL Data Engineer (REMOTE),50000,70000,1,0,MLEngineer,Jr.,0,0,1,0,0,1,0,0,60000.0
job-3e3d92e9d69da663,Data Science Engineer,82000,105000,0,0,MLEngineer,None,0,0,1,0,0,0,0,1,93500.0
job-3e417767f39f88ea,Human Resources Data Analyst,71000,90000,1,0,Analyst,None,0,1,0,0,0,0,0,1,80500.0
job-3f48c7f7af2fc151,Product Data Scientist,74000,94000,1,0,Scientist,None,1,0,0,0,0,0,0,1,84000.0
job-3fdc097d907cb412,Data Scientist,76000,97000,0,0,Scientist,None,1,0,0,0,0,0,0,1,86500.0
job-3fe6f55c69579156,Data Engineer I,71000,90000,1,0,MLEngineer,None,0,0,1,0,0,0,0,1,80500.0
job-4056f93fad9049d5,Data Scientist,135000,170000,1,0,Scientist,None,1,0,0,0,0,0,0,1,152500.0
job-41907f74de9bc1ed,Data Scientist,75000,85000,0,0,Scientist,None,1,0,0,0,0,0,0,1,80000.0
job-42a78e91d010b05d,Data Science Graduate,104000,131000,0,0,Scientist,None,1,0,0,0,0,0,0,1,117500.0
job-43087b7ed6a1a3b8,Data Scientist,109000,138000,1,0,Scientist,None,1,0,0,0,0,0,0,1,123500.0
job-4395b81e0521fcef,Software Engineering Intern (Machine Learning Sys) - 2023 Summer (BS/MS),67000,85000,0,1,MLEngineer,None,0,0,1,0,0,0,0,1,76000.0
job-44148c70c1a0ea67,Data Scientist,110000,120000,0,0,Scientist,None,1,0,0,0,0,0,0,1,115000.0
job-4484d7039ddfc55e,Data Scientist,90000,115000,0,0,Scientist,None,1,0,0,0,0,0,0,1,102500.0
job-45b5e683f10fab56,Data Center Engineer,90000,115000,0,0,MLEngineer,None,0,0,1,0,0,0,0,1,102500.0
job-45fd76fcba13722c,"Senior Software Engineer, Data Infra",106000,134000,0,0,MLEngineer,Sr.,0,0,1,0,0,0,1,0,120000.0
job-47a1ecd2c7c33537,Data Analyst (Remote),69000,88000,1,0,Analyst,None,0,1,0,0,0,0,0,1,78500.0
job-47fb933602ef3be4,Data Science Intern,39000,49000,0,1,Scientist,None,1,0,0,0,0,0,0,1,44000.0
job-49a72189df661f83,Lead Engineer - Data,112000,196000,1,0,MLEngineer,Sr.,0,0,1,0,0,0,1,0,154000.0
job-4ac87d68765ad235,data scientist sr- People Analytics (Remote),109000,205600,1,0,Analyst,Sr.,0,1,0,0,0,0,1,0,157300.0
job-4b405b37395c9e3d,Data Analyst,53600,53600,1,0,Analyst,None,0,1,0,0,0,0,0,1,53600.0
job-4b6a8f04d7079151,Data Scientist,80000,102000,0,0,Scientist,None,1,0,0,0,0,0,0,1,91000.0
job-4bb9b8fb0f45b6bf,Data Science Intern - Summer 2023,32000,40000,0,1,Scientist,None,1,0,0,0,0,0,0,1,36000.0
job-4bfb7e005e74b801,Data Scientist,96000,123000,0,0,Scientist,None,1,0,0,0,0,0,0,1,109500.0
job-4c0d9395ce3542ca,"Staff Data Scientist, Guest & Host",180000,245000,1,0,Scientist,None,1,0,0,0,0,0,0,1,212500.0
job-4cedb157a4815968,Data Engineer,100000,127000,1,0,MLEngineer,None,0,0,1,0,0,0,0,1,113500.0
job-4d9c7104fe8f3182,Data Scientist,130000,159000,1,0,Scientist,None,1,0,0,0,0,0,0,1,144500.0
job-4de70f520ccfc077,2023 Entry Level Associate Data Engineer,43280,59510,0,0,MLEngineer,Jr.,0,0,1,0,0,1,0,0,51395.0
job-4df6e4c7297a4f54,Machine Learning & Modeling Co-op,37000,48000,0,1,Unidentified,None,0,0,0,0,1,0,0,1,42500.0
job-4df9eab753fc82ce,"Data Scientist (Deep Learning, ML, NLP)",154000,195000,1,0,MLEngineer,None,0,0,1,0,0,0,0,1,174500.0
job-4dff94f1d654a00c,Credit Research Analyst - Expert Summer Intern Programme - 2023,110000,110000,0,1,Research,None,0,0,0,1,0,0,0,1,110000.0
job-4e36abb4c8802708,"Data Scientist, Baseball Research & Development",105000,133000,1,0,Research,None,0,0,0,1,0,0,0,1,119000.0
job-4fbc17578ef9deb3,2023 Entry Level Associate Data Engineer: Advanced Analytics,47600,65450,0,0,MLEngineer,Jr.,0,0,1,0,0,1,0,0,56525.0
job-4ffe847b64625669,Data Science Intern - Summer 2023,50000,64000,0,1,Scientist,None,1,0,0,0,0,0,0,1,57000.0
job-50387d446166e1d0,ArborCount Data Technician,57000,72000,1,0,Unidentified,None,0,0,0,0,1,0,0,1,64500.0
job-50bda7b9d0d3a40b,Data Scientist,101000,127000,0,0,Scientist,None,1,0,0,0,0,0,0,1,114000.0
job-50fc6373c08e9d19,Data Labeler,82000,105000,0,0,Unidentified,None,0,0,0,0,1,0,0,1,93500.0
job-517757c5ec64f8d3,"ENGINEER, DATA",99583,115484,0,0,MLEngineer,None,0,0,1,0,0,0,0,1,107533.5
job-530460f870702843,Data Analyst,80000,102000,1,0,Analyst,None,0,1,0,0,0,0,0,1,91000.0
job-531b5517998bb48e,Intern - Data Engineer (Spring 2023),47000,59000,0,1,MLEngineer,None,0,0,1,0,0,0,0,1,53000.0
job-53567abfbe7b88f8,Data Engineer,99400,99400,0,0,MLEngineer,None,0,0,1,0,0,0,0,1,99400.0
job-53d77b995977b2d2,Data Scientist II,86000,110000,0,0,Scientist,None,1,0,0,0,0,0,0,1,98000.0
job-54bf2be3f86d76fd,Data Scientist,120000,151000,0,0,Scientist,None,1,0,0,0,0,0,0,1,135500.0
job-54db6aa73c78afa1,Data Scientist,83000,106000,0,0,Scientist,None,1,0,0,0,0,0,0,1,94500.0
job-563bf8ee3692e34f,HPC and Data Science Intern,45000,57000,1,1,Scientist,None,1,0,0,0,0,0,0,1,51000.0
job-57161b6c7ee09743,Jr. Data Scientist,99000,126000,0,0,Scientist,Jr.,1,0,0,0,0,1,0,0,112500.0
job-5741a4dbbe15cade,Sr. Data Analyst,82000,104000,0,0,Analyst,Sr.,0,1,0,0,0,0,1,0,93000.0
job-575667043de017a1,Staff Data Scientist,132000,168000,1,0,Scientist,None,1,0,0,0,0,0,0,1,150000.0
job-57eeed64565f41dd,Data Engineer,79000,101000,0,0,MLEngineer,None,0,0,1,0,0,0,0,1,90000.0
job-57f034099065b744,Data Visualization Engineer,67200,90000,0,0,MLEngineer,None,0,0,1,0,0,0,0,1,78600.0
job-580823e64df3a742,EDI Data Engineer,69000,87000,0,0,MLEngineer,None,0,0,1,0,0,0,0,1,78000.0
job-58a24e7053634e51,Healthcare Data Analyst,50000,114000,1,0,Analyst,None,0,1,0,0,0,0,0,1,82000.0
job-593fd83ee1b247d3,Data Science Intern,44000,55000,0,1,Scientist,None,1,0,0,0,0,0,0,1,49500.0
job-5a56ac5aae1f0b21,Data Science Intern,51000,65000,0,1,Scientist,None,1,0,0,0,0,0,0,1,58000.0
job-5af8b0c701ca7aaa,Intern,35000,44000,0,1,Unidentified,None,0,0,0,0,1,0,0,1,39500.0
job-5b256331cda99c7e,Data Scientist,99000,126000,0,0,Scientist,None,1,0,0,0,0,0,0,1,112500.0
job-5c4cc0a38cc4fd1c,Data Scientist 3,92000,117000,0,0,Scientist,None,1,0,0,0,0,0,0,1,104500.0
job-5d7fcd1854c2e58f,Data Engineer,95000,105000,1,0,MLEngineer,None,0,0,1,0,0,0,0,1,100000.0
job-5e0c6a65cfc80c07,Data Engineer,100000,127000,0,0,MLEngineer,None,0,0,1,0,0,0,0,1,113500.0
job-5e43521f75fcad23,Data Engineer,135000,155000,1,0,MLEngineer,None,0,0,1,0,0,0,0,1,145000.0
job-5eaa1f0b29171fa8,Data Science Co-Op,94000,119000,0,1,Scientist,None,1,0,0,0,0,0,0,1,106500.0
job-5f1103ebd513c781,Data Scientist - Evernorth,95800,159600,0,0,Scientist,None,1,0,0,0,0,0,0,1,127700.0
job-5fb709ded0d09899,Data Scientist – Biosensor Analytics,106000,134000,1,0,Analyst,None,0,1,0,0,0,0,0,1,120000.0
job-5fff07e6e2b3e0b1,"Data Strategy, Data Scientist – Equity Research",100000,110000,0,0,Research,None,0,0,0,1,0,0,0,1,105000.0
job-6016a05f12103626,Jr. Data Scientist,63000,80000,0,0,Scientist,Jr.,1,0,0,0,0,1,0,0,71500.0
job-61f4d2dc654ef64e,Simulation Data Scientist,106000,134000,0,0,Scientist,None,1,0,0,0,0,0,0,1,120000.0
job-61fd4729942080a0,"Engineer, Data (JetBlue Travel Products)",98000,125000,0,0,MLEngineer,None,0,0,1,0,0,0,0,1,111500.0
job-6231f03d5cd6a347,"Data Science Intern, 2023 Summer U.S.",48000,60000,0,1,Scientist,None,1,0,0,0,0,0,0,1,54000.0
job-625bf4aed6e75fbb,Intern - Data Scientist,45000,58000,1,1,Scientist,None,1,0,0,0,0,0,0,1,51500.0
job-62753bd28b0589dc,Data Engineer (Remote worldwide),155500,155500,1,0,MLEngineer,None,0,0,1,0,0,0,0,1,155500.0
job-629cb3acc17b00de,Data Scientist (Contract),96000,122000,0,0,Scientist,None,1,0,0,0,0,0,0,1,109000.0
job-629e89007cef06c0,Data Scientist,90000,115000,0,0,Scientist,None,1,0,0,0,0,0,0,1,102500.0
job-62b7ce96500f5adf,Data Scientist,101000,127000,0,0,Scientist,None,1,0,0,0,0,0,0,1,114000.0
job-62bd43ec8c8768ae,Data Analyst,93000,118000,1,0,Analyst,None,0,1,0,0,0,0,0,1,105500.0
job-62d677313cb6093d,Data Science Intern at UIUC Research Park - Spring 2023,32000,40000,0,1,Research,None,0,0,0,1,0,0,0,1,36000.0
job-63696188778dab88,Data Scientists,147000,186000,1,0,Scientist,None,1,0,0,0,0,0,0,1,166500.0
job-63fb58456f70e5b1,Data Scientist,101000,128000,0,0,Scientist,None,1,0,0,0,0,0,0,1,114500.0
job-64766bc3a13bfb4a,Data Scientist (Remote),127000,161000,1,0,Scientist,None,1,0,0,0,0,0,0,1,144000.0
job-6479652b6d6e0b48,Data Analyst,79000,101000,0,0,Analyst,None,0,1,0,0,0,0,0,1,90000.0
job-65814a901d49f6f0,Data Analyst Intern,33000,42000,0,1,Analyst,None,0,1,0,0,0,0,0,1,37500.0
job-661c38189327f80f,Data Scientist,82000,105000,0,0,Scientist,None,1,0,0,0,0,0,0,1,93500.0
job-66b4fc49942d9045,Data Scientist,90000,114000,0,0,Scientist,None,1,0,0,0,0,0,0,1,102000.0
job-67037e14b564d5f5,Data Scientist,105000,133000,0,0,Scientist,None,1,0,0,0,0,0,0,1,119000.0
job-673cc98e25a8d226,Data Officer,114000,145000,0,0,Unidentified,None,0,0,0,0,1,0,0,1,129500.0
job-691fbf2482f56d85,Machine Learning Engineer,97000,123000,0,0,MLEngineer,None,0,0,1,0,0,0,0,1,110000.0
job-69f183ce26037aa3,Intern - DRAM Quality Data Analytics,38000,48000,0,1,Analyst,None,0,1,0,0,0,0,0,1,43000.0
job-6a21a438fb945acc,Data Scientist,117000,148000,0,0,Scientist,None,1,0,0,0,0,0,0,1,132500.0
job-6a31228d0dc2ae4e,Data Scientist Intern (Remote),47000,59000,1,1,Scientist,None,1,0,0,0,0,0,0,1,53000.0
job-6a96e1b1c4aea9bb,Data Scientist Advanced Development Program,84000,107000,0,0,Scientist,None,1,0,0,0,0,0,0,1,95500.0
job-6bea4faa7fdc9888,Intern - Data Science,38000,48000,0,1,Scientist,None,1,0,0,0,0,0,0,1,43000.0
job-6bfad109b485e172,"Manager, Data Science",86000,109000,0,0,Scientist,Sr.,1,0,0,0,0,0,1,0,97500.0
job-6c2760da1306cdb2,Data Scientist,119000,151000,1,0,Scientist,None,1,0,0,0,0,0,0,1,135000.0
job-6c438a620e58f2a5,Data Analyst,73000,92000,0,0,Analyst,None,0,1,0,0,0,0,0,1,82500.0
job-6c45f080e55f211c,"Data Analyst Intern, Customer Experience & Engagement - Summer 2023",73000,92000,0,1,Analyst,None,0,1,0,0,0,0,0,1,82500.0
job-6d029acc7384b9e2,Data Evaluator for Hot,99000,125000,1,0,Unidentified,None,0,0,0,0,1,0,0,1,112000.0
job-6d26b83ebfdb4d1e,Backend Data Engineer,102000,143100,1,0,MLEngineer,None,0,0,1,0,0,0,0,1,122550.0
job-6d32322bf4c5faa0,Data Engineer – AWS Data Lake Engineer,98000,125000,1,0,MLEngineer,None,0,0,1,0,0,0,0,1,111500.0
job-6d5726c075d2dd9d,Data Scientist,88000,111000,1,0,Scientist,None,1,0,0,0,0,0,0,1,99500.0
job-6d8750c50840b014,Data Scientist,113000,143000,1,0,Scientist,None,1,0,0,0,0,0,0,1,128000.0
job-6eec04cf86c2bc88,"Data Scientist, University Graduate (Data Analysis TikTok)- 2023 Start (BS/MS)",126000,160000,0,0,Analyst,None,0,1,0,0,0,0,0,1,143000.0
job-709cadec36abd6e0,Backend Staff Data Engineer,160000,195000,1,0,MLEngineer,None,0,0,1,0,0,0,0,1,177500.0
job-711d5dc27c5900d3,Data Scientist,113000,143000,0,0,Scientist,None,1,0,0,0,0,0,0,1,128000.0
job-72d8c98c2426ec57,Data Science Internship,36000,46000,1,1,Scientist,None,1,0,0,0,0,0,0,1,41000.0
job-73ab5485d154854a,Data Scientist,150000,150000,0,0,Scientist,None,1,0,0,0,0,0,0,1,150000.0
job-73fb2d142e07d648,Data Scientist,79000,100000,0,0,Scientist,None,1,0,0,0,0,0,0,1,89500.0
job-75072514becfb9ca,Clinical Data Scientist - Contract,107000,135000,1,0,Scientist,None,1,0,0,0,0,0,0,1,121000.0
job-750b62e08897ec82,Data Scientist (Remote),86000,110000,1,0,Scientist,None,1,0,0,0,0,0,0,1,98000.0
job-754556627e42fc84,Data Scientist - Remote,104000,132000,1,0,Scientist,None,1,0,0,0,0,0,0,1,118000.0
job-7563544e5dc35887,Data Scientist,100000,140000,1,0,Scientist,None,1,0,0,0,0,0,0,1,120000.0
job-75b24e482ee0a152,Data Science Intern,38000,48000,0,1,Scientist,None,1,0,0,0,0,0,0,1,43000.0
job-75e150a635df361a,Data Scientist,103000,131000,1,0,Scientist,None,1,0,0,0,0,0,0,1,117000.0
job-76191366a4961bcf,Data Engineer,104000,132000,0,0,MLEngineer,None,0,0,1,0,0,0,0,1,118000.0
job-7643c252a8adfc44,Data Scientist,96000,122000,1,0,Scientist,None,1,0,0,0,0,0,0,1,109000.0
job-76918834b50321c9,Data Acquisition Analyst,66000,84000,1,0,Analyst,None,0,1,0,0,0,0,0,1,75000.0
job-773b2f3175e76354,Business Intelligence Intern,34000,44000,1,1,Unidentified,None,0,0,0,0,1,0,0,1,39000.0
job-78a4022911f63755,Associate Data Scientist,70000,89000,0,0,Scientist,Jr.,1,0,0,0,0,1,0,0,79500.0
job-78f748b6fb9b2a73,Intern - Data Science Analyst,35000,45000,0,1,Analyst,None,0,1,0,0,0,0,0,1,40000.0
job-79f6fca30cf7c76b,"Analyst, Data Scientist",81000,103000,0,0,Analyst,None,0,1,0,0,0,0,0,1,92000.0
job-7a07720220241ddc,Data Scientist Co-Op (Spring 2023),103000,131000,1,1,Scientist,None,1,0,0,0,0,0,0,1,117000.0
job-7a490dc273be739c,Junior Data Scientist,77000,98000,0,0,Scientist,Jr.,1,0,0,0,0,1,0,0,87500.0
job-7a7d2641bac69644,Data Analyst - Fully Remote,56000,71000,1,0,Analyst,None,0,1,0,0,0,0,0,1,63500.0
job-7adb52e24ce39d4e,"Data Scientist, Data Science and Solution (Retail Analytics)",107000,135000,0,0,Analyst,None,0,1,0,0,0,0,0,1,121000.0
job-7afc43aaeee64c22,Junior Data Scientist,75000,95000,0,0,Scientist,Jr.,1,0,0,0,0,1,0,0,85000.0
job-7bfaa1e9364874f6,Data Analyst,85000,108000,0,0,Analyst,None,0,1,0,0,0,0,0,1,96500.0
job-7d10576c34a8b1b1,Data Analytics Engineer,81000,103000,0,0,MLEngineer,None,0,0,1,0,0,0,0,1,92000.0
job-7d21f59c7541d281,Data Science Intern,42000,53000,0,1,Scientist,None,1,0,0,0,0,0,0,1,47500.0
job-7d34cb7b5c324187,Data Scientist,100000,127000,1,0,Scientist,None,1,0,0,0,0,0,0,1,113500.0
job-7d3a2cf6d0437df0,Data Engineer,120000,120000,1,0,MLEngineer,None,0,0,1,0,0,0,0,1,120000.0
job-7e163e5a8e1c5cbf,Data Scientist,57600,85800,0,0,Scientist,None,1,0,0,0,0,0,0,1,71700.0
job-7ebecd9260532e3e,Jr. Data Engineer I,71000,90000,1,0,MLEngineer,Jr.,0,0,1,0,0,1,0,0,80500.0
job-7ee1adc8e27a53a3,Data Scientist,89000,113000,0,0,Scientist,None,1,0,0,0,0,0,0,1,101000.0
job-80627f28cf633fe0,Data Science Intern,37000,47000,0,1,Scientist,None,1,0,0,0,0,0,0,1,42000.0
job-81d3dce59d59c680,Data Analyst,95000,121000,1,0,Analyst,None,0,1,0,0,0,0,0,1,108000.0
job-82458347050bd372,2023 Internship: Data Scientist,75000,140000,0,1,Scientist,None,1,0,0,0,0,0,0,1,107500.0
job-82ee34db05f0eb2d,Data Analyst-Library Science,62800,106500,0,0,Analyst,None,0,1,0,0,0,0,0,1,84650.0
job-8476408d5467800f,Data Engineer,104000,132000,1,0,MLEngineer,None,0,0,1,0,0,0,0,1,118000.0
job-85014d5fc8422ca9,Data Scientist,70000,110000,0,0,Scientist,None,1,0,0,0,0,0,0,1,90000.0
job-8627ec0586caab68,"Data Science Intern, Research & Analytics 2023",41000,52000,0,1,Research,None,0,0,0,1,0,0,0,1,46500.0
job-86900404171e4bc8,Sr. data scientist,145000,183000,0,0,Scientist,Sr.,1,0,0,0,0,0,1,0,164000.0
job-8777ba03d007b1b3,Machine Learning Engineer,112000,142000,0,0,MLEngineer,None,0,0,1,0,0,0,0,1,127000.0
job-87a737249209bfc9,Data Engineer,96000,122000,0,0,MLEngineer,None,0,0,1,0,0,0,0,1,109000.0
job-880b1ba7fe346021,Data Science Intern,42000,53000,0,1,Scientist,None,1,0,0,0,0,0,0,1,47500.0
job-88e1c7b2ad9f0b24,Data Science Intern - AI Ops,81000,103000,0,1,Scientist,None,1,0,0,0,0,0,0,1,92000.0
job-8a0aab5c1d1132e7,Data Scientist,114000,144000,1,0,Scientist,None,1,0,0,0,0,0,0,1,129000.0
job-8a4960da1bea9a14,Data Scientist,116000,130500,0,0,Scientist,None,1,0,0,0,0,0,0,1,123250.0
job-8a834009c7d01724,Metadata Technologist - Al and Machine Learning,117000,149000,1,0,Unidentified,None,0,0,0,0,1,0,0,1,133000.0
job-8b11e85ec74b693d,"Intern, Data Science, People Analytics",73000,93000,1,1,Analyst,None,0,1,0,0,0,0,0,1,83000.0
job-8c1e1ac097dc7048,Data Scientist,103000,131000,1,0,Scientist,None,1,0,0,0,0,0,0,1,117000.0
job-8c60c32feb60262a,Data Scientist (Remote),120000,150000,1,0,Scientist,None,1,0,0,0,0,0,0,1,135000.0
job-8c9793903a49dd78,Data Scientist,70000,80000,0,0,Scientist,None,1,0,0,0,0,0,0,1,75000.0
job-8c9cfef64b45c755,GIS & Data Science Specialist,57000,73000,1,0,Scientist,None,1,0,0,0,0,0,0,1,65000.0
job-8cc3349d0a8819de,AWS Data Engineer,108000,137000,1,0,MLEngineer,None,0,0,1,0,0,0,0,1,122500.0
job-8cde8507b40ea085,Data Scientist,88000,112000,0,0,Scientist,None,1,0,0,0,0,0,0,1,100000.0
job-8ce513fb3cf7f033,Graduate Intern - Scientific Software Development + Data Science,43000,54000,0,1,Scientist,None,1,0,0,0,0,0,0,1,48500.0
job-8d901ce6aff0c4c6,Data Science Intern,32000,41000,0,1,Scientist,None,1,0,0,0,0,0,0,1,36500.0
job-8e23851edeede366,Data Analyst - Digital Marketing (Remote),48000,61000,1,0,Analyst,None,0,1,0,0,0,0,0,1,54500.0
job-8ecfea99377507e6,Data Engineer (Remote Option*),86000,128500,1,0,MLEngineer,None,0,0,1,0,0,0,0,1,107250.0
job-8f189086f8c0e201,eCom Data Platform Engineer,65000,132500,0,0,MLEngineer,None,0,0,1,0,0,0,0,1,98750.0
job-8f6a733c2512f3b8,Data Scientist,84000,107000,0,0,Scientist,None,1,0,0,0,0,0,0,1,95500.0
job-9050eac0e988b0f8,Data Analyst,61480,63991,0,0,Analyst,None,0,1,0,0,0,0,0,1,62735.5
job-922f9ba42e56bdf5,Data Engineer,93000,118000,0,0,MLEngineer,None,0,0,1,0,0,0,0,1,105500.0
job-923fdbc199573e17,Data Science Internship,63000,80000,0,1,Scientist,None,1,0,0,0,0,0,0,1,71500.0
job-9249d3bd70f26e1c,Data Engineer,80000,110000,0,0,MLEngineer,None,0,0,1,0,0,0,0,1,95000.0
job-92a06e8f05ff1719,Data Scientist,150000,160000,0,0,Scientist,None,1,0,0,0,0,0,0,1,155000.0
job-92aa0975c1072913,Data Science Intern (Summer 2023),76000,96000,0,1,Scientist,None,1,0,0,0,0,0,0,1,86000.0
job-92ce6b6f3da1495f,Data Science Bootcamp Teaching Assistant (Virtual/Remote),38000,48000,1,0,Scientist,Jr.,1,0,0,0,0,1,0,0,43000.0
job-937e42ce4eec4933,Staff Data Scientist (Mailchimp),95000,121000,0,0,Scientist,None,1,0,0,0,0,0,0,1,108000.0
job-93bf766fe8c1b26e,Staff Data Scientist,142800,265200,0,0,Scientist,None,1,0,0,0,0,0,0,1,204000.0
job-95126f6c210ca8ce,Data Scientist,112000,136000,1,0,Scientist,None,1,0,0,0,0,0,0,1,124000.0
job-9588bb7c7e9eae39,Data Science Intern,48000,61000,1,1,Scientist,None,1,0,0,0,0,0,0,1,54500.0
job-9594589746899768,Data Engineer (Remote),80000,110000,1,0,MLEngineer,None,0,0,1,0,0,0,0,1,95000.0
job-95c90b9c7a8c7b77,Senior AI Data Scientist,133800,220700,0,0,Scientist,Sr.,1,0,0,0,0,0,1,0,177250.0
job-96d73266b1677e7f,Data Scientist,97000,124000,1,0,Scientist,None,1,0,0,0,0,0,0,1,110500.0
job-97d822e65cb2cb7b,"Staff Data Scientist, ML Ops",135000,171000,1,0,MLEngineer,None,0,0,1,0,0,0,0,1,153000.0
job-97f33b65384d0965,Load Forecast Data Scientist,92000,117000,0,0,Scientist,None,1,0,0,0,0,0,0,1,104500.0
job-98aba3bf29879d59,(5) Data Analyst / Data Scientist,81000,103000,1,0,Analyst,None,0,1,0,0,0,0,0,1,92000.0
job-98af99c2e306f12c,W2 position - AWS Data Engineers with PHARMACEUTICAL EXPERIENCE.,106000,134000,1,0,MLEngineer,None,0,0,1,0,0,0,0,1,120000.0
job-9926cda9501b00a2,Python Data Engineer,95000,121000,0,0,MLEngineer,None,0,0,1,0,0,0,0,1,108000.0
job-99d232c89d28ff0b,Data Scientist,88000,111000,1,0,Scientist,None,1,0,0,0,0,0,0,1,99500.0
job-99d3b8fe92425063,2023 Data Science Fellowship,91000,116000,0,0,Scientist,None,1,0,0,0,0,0,0,1,103500.0
job-99fda8644c48cb0f,Data Scientist (FT),85000,100000,0,0,Scientist,None,1,0,0,0,0,0,0,1,92500.0
job-9ace76b37f6ccf19,Research Data Scientist,76000,96000,0,0,Research,None,0,0,0,1,0,0,0,1,86000.0
job-9ad0f57c5be219d6,Lead Health Scientist (Data Scientist),117692,152998,0,0,Scientist,Sr.,1,0,0,0,0,0,1,0,135345.0
job-9bc23389d74f8d3d,Data Scientist,65000,76000,1,0,Scientist,None,1,0,0,0,0,0,0,1,70500.0
job-9bd986572f9f0519,Data Engineer,116000,146000,0,0,MLEngineer,None,0,0,1,0,0,0,0,1,131000.0
job-9c58a08b1394a86f,Data Scientist,89000,113000,0,0,Scientist,None,1,0,0,0,0,0,0,1,101000.0
job-9d021144296f7289,Algorithm Data Scientist,119000,150000,0,0,Scientist,None,1,0,0,0,0,0,0,1,134500.0
job-9dd1a2b61280835f,Data Science Intern (Audio Analysis),46000,59000,1,1,Analyst,None,0,1,0,0,0,0,0,1,52500.0
job-9f288beebed53cdb,Statistical Assistant,84000,107000,0,0,Unidentified,Jr.,0,0,0,0,1,1,0,0,95500.0
job-9f2ffb01673d9d44,"2023 Summer Internship - Intern, Strategy & Analytics",44000,55000,0,1,Analyst,None,0,1,0,0,0,0,0,1,49500.0
job-9fc8a6e37ca34d22,Associate Data Analyst,53000,68000,0,0,Analyst,Jr.,0,1,0,0,0,1,0,0,60500.0
job-a05a6d5b47ba410b,Data Scientist,111000,141000,1,0,Scientist,None,1,0,0,0,0,0,0,1,126000.0
job-a06c00940485694e,Data Engineer,76000,97000,1,0,MLEngineer,None,0,0,1,0,0,0,0,1,86500.0
job-a11a9ecd3ead3b85,Decision Science Data Analyst - Media (hybrid),80000,102000,0,0,Analyst,None,0,1,0,0,0,0,0,1,91000.0
job-a15af96313f2650f,Data Analytics Intern,32000,41000,0,1,Analyst,None,0,1,0,0,0,0,0,1,36500.0
job-a1693f58770af7c5,"Principal Data Scientist, Ecosystem",170000,215000,0,0,Scientist,None,1,0,0,0,0,0,0,1,192500.0
job-a284f87d4869cb23,Data Science Product Owner (REMOTE),140000,157000,1,0,Scientist,None,1,0,0,0,0,0,0,1,148500.0
job-a3c7f5701045c70c,Data Scientist,137000,173000,1,0,Scientist,None,1,0,0,0,0,0,0,1,155000.0
job-a4d05dd1360ad3a0,Data and Research Analyst,70000,70000,0,0,Research,None,0,0,0,1,0,0,0,1,70000.0
job-a50132f749ea8c5b,Data Scientist,80000,102000,0,0,Scientist,None,1,0,0,0,0,0,0,1,91000.0
job-a569e5db3931a97a,Remote Data Engineer,89000,113000,1,0,MLEngineer,None,0,0,1,0,0,0,0,1,101000.0
job-a5cff3ffc1c3af5b,Data Scientist,93000,118000,0,0,Scientist,None,1,0,0,0,0,0,0,1,105500.0
job-a7bfbca0692b6a16,Data Scientist,101000,128000,0,0,Scientist,None,1,0,0,0,0,0,0,1,114500.0
job-a84480e80c4c7998,Reservior Data Analyst Intern,42000,54000,0,1,Analyst,None,0,1,0,0,0,0,0,1,48000.0
job-a84a2412e1f451f6,"Intern, Data Science - Sales Analytics (Summer 2023)",48000,61000,1,1,Analyst,None,0,1,0,0,0,0,0,1,54500.0
job-a88fddbc4eff63ec,Data Scientist - SOCOM,98000,125000,0,0,Scientist,None,1,0,0,0,0,0,0,1,111500.0
job-a8be4b7dd3077ec0,Data Scientist - Role can be remote,93000,118000,1,0,Scientist,None,1,0,0,0,0,0,0,1,105500.0
job-a9335a3bb68258c7,Data Engineers,66000,83000,0,1,MLEngineer,None,0,0,1,0,0,0,0,1,74500.0
job-a98c1cfbaa8f478e,Data Science Teacher,120000,500000,0,0,Scientist,None,1,0,0,0,0,0,0,1,310000.0
job-aa217f4c422b65b5,Commercial Data Engineer,79000,101000,0,0,MLEngineer,None,0,0,1,0,0,0,0,1,90000.0
job-aa6f0a56d196eaee,Data Science Intern - University Students - FinLab,58000,74000,0,1,Scientist,None,1,0,0,0,0,0,0,1,66000.0
job-aaa2eecaa08fa2cb,Data Scientist,150000,180000,0,0,Scientist,None,1,0,0,0,0,0,0,1,165000.0
job-ab629fc2892e6463,Data Scientist II,89000,113000,0,0,Scientist,None,1,0,0,0,0,0,0,1,101000.0
job-ac675be03334f134,"Quantitative Developer Intern, Summer 2023",41000,52000,0,1,Unidentified,None,0,0,0,0,1,0,0,1,46500.0
job-ac7a0722218b5824,JUNIOR DATA ENGINEER (100% REMOTE AVAILABLE),79000,100000,1,0,MLEngineer,Jr.,0,0,1,0,0,1,0,0,89500.0
job-ad5eff59731c5c4b,Climate Data Scientist,121000,154000,1,0,Scientist,None,1,0,0,0,0,0,0,1,137500.0
job-af0047ffdcc82f78,Data Scientist - SDV,86460,141060,1,0,Scientist,None,1,0,0,0,0,0,0,1,113760.0
job-af05f0f971181c00,Data Analytics Intern,35000,45000,0,1,Analyst,None,0,1,0,0,0,0,0,1,40000.0
job-af76ed2095f8cc27,Summer 2023 Internship - Data Scientist,68000,86000,1,1,Scientist,None,1,0,0,0,0,0,0,1,77000.0
job-afd32cbbffe5d982,Data Scientist,82000,113500,1,0,Scientist,None,1,0,0,0,0,0,0,1,97750.0
job-b05838efde760be5,Data Scientist,93000,118000,0,0,Scientist,None,1,0,0,0,0,0,0,1,105500.0
job-b0a92f7d684f0cdc,Data Scientist,124000,157000,1,0,Scientist,None,1,0,0,0,0,0,0,1,140500.0
job-b0f2631f4eb9ed6d,Professional-Big Data Engineer,126700,145000,0,0,MLEngineer,None,0,0,1,0,0,0,0,1,135850.0
job-b10e5cb51a13c324,Data Scientist (Virtual),125000,195000,1,0,Scientist,None,1,0,0,0,0,0,0,1,160000.0
job-b1664220754b0653,Data Engineer,84000,107000,0,0,MLEngineer,None,0,0,1,0,0,0,0,1,95500.0
job-b5a66fd1accd37ad,Data Scientist,85000,108000,0,0,Scientist,None,1,0,0,0,0,0,0,1,96500.0
job-b6123a112247f004,Data Engineer,103000,130000,0,0,MLEngineer,None,0,0,1,0,0,0,0,1,116500.0
job-b7db8489068acbaf,Data Scientist,150000,230000,0,0,Scientist,None,1,0,0,0,0,0,0,1,190000.0
job-b860aab171ecb208,Data Scientist,85000,108000,0,0,Scientist,None,1,0,0,0,0,0,0,1,96500.0
job-b8de7493c963d2d1,Data Scientist,86900,127500,0,0,Scientist,None,1,0,0,0,0,0,0,1,107200.0
job-b9367d92b9333460,Data Science Intern,31000,40000,1,1,Scientist,None,1,0,0,0,0,0,0,1,35500.0
job-b99bae20809356e3,Data Analytics Undergraduate Intern,51000,64000,0,1,Analyst,None,0,1,0,0,0,0,0,1,57500.0
job-baa9f2f660caba87,Data Science Associate (Remote),83000,106000,1,0,Scientist,Jr.,1,0,0,0,0,1,0,0,94500.0
job-bab2d2e950d5ad3c,Jr. Data Scientist with TS/SCI Poly,74750,155250,0,0,Scientist,Jr.,1,0,0,0,0,1,0,0,115000.0
job-bb0407e8144237a7,Associate Partner of Data Science,200000,250000,0,0,Scientist,Jr.,1,0,0,0,0,1,0,0,225000.0
job-bb28e752879d2931,Data Science Associate,56600,75000,0,0,Scientist,Jr.,1,0,0,0,0,1,0,0,65800.0
job-bb82cc4bd24064dd,Data Engineer,109000,138000,1,0,MLEngineer,None,0,0,1,0,0,0,0,1,123500.0
job-bc4fc772e60ee82d,Forensic Data Science Associate - Summer/Fall 2023 (National),62000,78000,0,0,Scientist,Jr.,1,0,0,0,0,1,0,0,70000.0
job-bc697ada8197edfe,Intern - Data Science,42000,53000,0,1,Scientist,None,1,0,0,0,0,0,0,1,47500.0
job-bcc6de54e0095d2e,"Data Scientist, Special Initiatives",135000,171000,1,0,Scientist,None,1,0,0,0,0,0,0,1,153000.0
job-bcffda3962391341,Data Scientist,74682,176300,0,0,Scientist,None,1,0,0,0,0,0,0,1,125491.0
job-bd6f64ace12b8868,NLP Intern,60000,76000,1,1,Unidentified,None,0,0,0,0,1,0,0,1,68000.0
job-bd8d09c98be25ee7,Field Data Scientist,128000,162000,0,0,Scientist,None,1,0,0,0,0,0,0,1,145000.0
job-beb33b8adc578f74,Data Scientist - Statistical Scientist,109000,138000,0,0,Scientist,None,1,0,0,0,0,0,0,1,123500.0
job-bf410dae7c391c0a,Summer 2023 Data Analyst Co-Op/Intern,65000,82000,0,1,Analyst,None,0,1,0,0,0,0,0,1,73500.0
job-bfb1470297443699,Data Scientist,90000,130000,1,0,Scientist,None,1,0,0,0,0,0,0,1,110000.0
job-c04937483b7317ca,Data Visualization Engineer,108000,137000,1,0,MLEngineer,None,0,0,1,0,0,0,0,1,122500.0
job-c1b2cd03dc88dc38,Statistical Analyst,82800,110200,1,0,Analyst,None,0,1,0,0,0,0,0,1,96500.0
job-c308771c17204ec8,Internship - Undergraduate Data Science & Engineering Intern,38000,49000,0,1,MLEngineer,None,0,0,1,0,0,0,0,1,43500.0
job-c3a7d3c94ef3a0e1,Sr Data Scientist - Innovation,80000,195000,0,0,Scientist,Sr.,1,0,0,0,0,0,1,0,137500.0
job-c5300c58c7369739,"Analyst, Data Science",84000,107000,0,0,Analyst,None,0,1,0,0,0,0,0,1,95500.0
job-c5552a94dfdad4b1,Data Science Intern,46000,58000,0,1,Scientist,None,1,0,0,0,0,0,0,1,52000.0
job-c5c10211b71b9b8f,Data Scientist Co-Op (Spring 2023),92000,117000,1,1,Scientist,None,1,0,0,0,0,0,0,1,104500.0
job-c5ef8dc4f65d0573,Machine Learning and AI Data Scientist - Python / R / NLP,103000,130000,0,0,Scientist,None,1,0,0,0,0,0,0,1,116500.0
job-c6b776b92e1ac9e5,Product Analyst,119000,145000,1,0,Analyst,None,0,1,0,0,0,0,0,1,132000.0
job-c6beb8ea1be3850c,Data Scientist,87000,111000,1,0,Scientist,None,1,0,0,0,0,0,0,1,99000.0
job-c6e1591df0bbebd4,Data Engineer Co-op Winter/Spring 2023,84000,107000,0,1,MLEngineer,None,0,0,1,0,0,0,0,1,95500.0
job-c826684cbd7f1084,Data Scientist,111000,140000,1,0,Scientist,None,1,0,0,0,0,0,0,1,125500.0
job-c8a4a60e7f4dd47b,Data Scientist II,95025,152271,1,0,Scientist,None,1,0,0,0,0,0,0,1,123648.0
job-c9cb3d219bb11513,Data & Analytics Engineer,90000,130000,1,0,MLEngineer,None,0,0,1,0,0,0,0,1,110000.0
job-c9cee0ba640e973d,Data Scientist Intern,63000,79000,0,1,Scientist,None,1,0,0,0,0,0,0,1,71000.0
job-caafb3973f60107c,Data Scientist/Analyst Intern or Co-op - Spring & Summer 2023,43000,54000,0,1,Analyst,None,0,1,0,0,0,0,0,1,48500.0
job-cb480d80108fdc6f,Data Analyst,93000,118000,0,0,Analyst,None,0,1,0,0,0,0,0,1,105500.0
job-cbae39b36a834d6b,Data Engineer,115293,173939,1,0,MLEngineer,None,0,0,1,0,0,0,0,1,144616.0
job-cbc245b33fc4134f,Data Scientist II - AI and Machine Learning,107000,135000,0,0,Scientist,None,1,0,0,0,0,0,0,1,121000.0
job-cc21d36b671fa713,Data Science Intern,40000,50000,0,1,Scientist,None,1,0,0,0,0,0,0,1,45000.0
job-cc63fdab40cfd239,Data Engineer Fellowship -1 Year,70000,70000,0,0,MLEngineer,None,0,0,1,0,0,0,0,1,70000.0
job-cdaea6c0b7a862fe,Data Scientist,59005,80542,0,0,Scientist,None,1,0,0,0,0,0,0,1,69773.5
job-ce2084ae0ccf4bb7,Junior Data Scientist,69000,87000,0,0,Scientist,Jr.,1,0,0,0,0,1,0,0,78000.0
job-ce21f238f24eb496,Cybersecurity and Data Science,55000,69000,0,0,Scientist,None,1,0,0,0,0,0,0,1,62000.0
job-d018177f335deb0e,2023 AI & Data Science Full Time Analyst,99750,135000,0,0,Analyst,None,0,1,0,0,0,0,0,1,117375.0
job-d07a201951b74637,Data Scientist - Forecasting,111000,140000,0,0,Scientist,None,1,0,0,0,0,0,0,1,125500.0
job-d089730c224823e9,USA - Associate Threat Analytics Data Scientist,77000,98000,1,0,Analyst,Jr.,0,1,0,0,0,1,0,0,87500.0
job-d13253bb2626a9c8,Data Engineer,54000,140000,0,0,MLEngineer,None,0,0,1,0,0,0,0,1,97000.0
job-d23bf8bf628e59a6,Data Analytics Data Scientist,107000,136000,0,0,Analyst,None,0,1,0,0,0,0,0,1,121500.0
job-d2558814f5b5cd21,Actuarial Data Scientist,63100,137900,1,0,Scientist,None,1,0,0,0,0,0,0,1,100500.0
job-d34b38d321e035d3,Data Analyst,75000,75000,0,0,Analyst,None,0,1,0,0,0,0,0,1,75000.0
job-d3f7fb663634407d,Data Engineer (Full Time) United States,105000,133000,0,0,MLEngineer,None,0,0,1,0,0,0,0,1,119000.0
job-d42a40a11d675cc9,Data Scientist [NYC],103000,131000,0,0,Scientist,None,1,0,0,0,0,0,0,1,117000.0
job-d436647f62c5f4d3,Data Scientist,75000,130000,0,0,Scientist,None,1,0,0,0,0,0,0,1,102500.0
job-d481a53712856322,Jr. Data Scientist,86000,110000,1,0,Scientist,Jr.,1,0,0,0,0,1,0,0,98000.0
job-d51427de90fbee90,Senior Data Scientist,136000,172000,1,0,Scientist,Sr.,1,0,0,0,0,0,1,0,154000.0
job-d5467cd6eab30e70,Data Analyst - USA,61000,78000,0,0,Analyst,None,0,1,0,0,0,0,0,1,69500.0
job-d5c16ce64f854ef0,Data Scientist,89000,113000,0,0,Scientist,None,1,0,0,0,0,0,0,1,101000.0
job-d641fca9c1f31499,Lead Engineer - Data Science,96000,168000,1,0,MLEngineer,Sr.,0,0,1,0,0,0,1,0,132000.0
job-d643695fb61eb16f,Data Scientist - Entry Level,75000,95000,0,0,Scientist,None,1,0,0,0,0,0,0,1,85000.0
job-d64ff40da25d604a,"Data Scientist- TikTok Ads, Ads Targeting, Auction and Delivery",132000,167000,0,0,Scientist,None,1,0,0,0,0,0,0,1,149500.0
job-d85f8d5fcfdd474b,Data Science Intern,74000,94000,0,1,Scientist,None,1,0,0,0,0,0,0,1,84000.0
job-d9e3e6f88e6dc0f2,Data Science Intern,37000,47000,0,1,Scientist,None,1,0,0,0,0,0,0,1,42000.0
job-dad80f6567485dd3,Analytics Internship,77000,98000,0,1,Analyst,None,0,1,0,0,0,0,0,1,87500.0
job-dbf6e6a46aa7df96,Data Science Analyst,72000,92000,0,0,Analyst,None,0,1,0,0,0,0,0,1,82000.0
job-dc37b651dfb87d1e,Data Engineer,81000,99000,1,0,MLEngineer,None,0,0,1,0,0,0,0,1,90000.0
job-dd57a3026de3c386,Data Science Intern - Summer 2023,40000,51000,0,1,Scientist,None,1,0,0,0,0,0,0,1,45500.0
job-dd726d0782deacea,Data Analytics Intern - Summer 2023,32000,41000,0,1,Analyst,None,0,1,0,0,0,0,0,1,36500.0
job-dd86d891fe09f4bf,Data Engineer,90000,115000,1,1,MLEngineer,None,0,0,1,0,0,0,0,1,102500.0
job-dd8c8f663bac9b83,Data Engineer (Jr),114000,144000,0,0,MLEngineer,Jr.,0,0,1,0,0,1,0,0,129000.0
job-deb1ca954a3ed441,Data Visualization Specialist,58000,73000,1,0,Unidentified,None,0,0,0,0,1,0,0,1,65500.0
job-defcdef6accd6f19,Data Scientist (Level I - II),72000,91000,0,0,Scientist,None,1,0,0,0,0,0,0,1,81500.0
job-df14e8b6e8a01081,2023 Intern - Data Science,73000,93000,0,1,Scientist,None,1,0,0,0,0,0,0,1,83000.0
job-e0d0b4766e7f465c,Data Engineer,114000,145000,1,0,MLEngineer,None,0,0,1,0,0,0,0,1,129500.0
job-e264c4aba9211354,Data Analyst,66000,84000,0,0,Analyst,None,0,1,0,0,0,0,0,1,75000.0
job-e3f1da7cc0f1079c,"Data Scientist, F&S",136000,173000,1,0,Scientist,None,1,0,0,0,0,0,0,1,154500.0
job-e42ad4ad7f9d17ed,Data and Integration Engineer - Remote,64285,102855,1,0,MLEngineer,None,0,0,1,0,0,0,0,1,83570.0
job-e456a3303923ecc6,Data Engineer,101000,128000,1,0,MLEngineer,None,0,0,1,0,0,0,0,1,114500.0
job-e485f0d6e50eb1a1,Data Engineer,96000,122000,0,0,MLEngineer,None,0,0,1,0,0,0,0,1,109000.0
job-e568e974246e9092,AI-ML Engineer Intern/Co-Op,64000,81000,0,1,MLEngineer,None,0,0,1,0,0,0,0,1,72500.0
job-e58da802b5f4510c,Data Associate – Data Visualization Specialist,53000,68000,1,0,Unidentified,Jr.,0,0,0,0,1,1,0,0,60500.0
job-e66af60e1ee24165,Digital Loss Prevention Data Analyst - North America Nike Direct Digital Commerce (Remote Option*),86000,128500,1,0,Analyst,Sr.,0,1,0,0,0,0,1,0,107250.0
job-e766c04c226a1dbf,"Data Scientist, CV/NLP",94000,120000,1,0,Scientist,None,1,0,0,0,0,0,0,1,107000.0
job-e7ba1b1f53d93324,Economic Data Scientist,90000,150000,0,0,Scientist,None,1,0,0,0,0,0,0,1,120000.0
job-e80f8f9fd5282afd,Data Engineer,140000,170000,1,0,MLEngineer,None,0,0,1,0,0,0,0,1,155000.0
job-e8a473850d959a23,2023 SETUP Technology Full Time Program – Data Scientist - New York,55000,100000,0,0,Scientist,None,1,0,0,0,0,0,0,1,77500.0
job-e8ccf157fe743e60,Data Scientist II,114000,144000,0,0,Scientist,None,1,0,0,0,0,0,0,1,129000.0
job-e9b6d22970a3b910,Python Data Engineer,105000,133000,1,0,MLEngineer,None,0,0,1,0,0,0,0,1,119000.0
job-e9d9c0cd33be8957,Data Scientist,112000,142000,0,0,Scientist,None,1,0,0,0,0,0,0,1,127000.0
job-ebd17b92334863fc,Chief Technology Officer,300000,400000,0,0,Unidentified,None,0,0,0,0,1,0,0,1,350000.0
job-edb01b018993a2e0,Senior Data Analyst,79000,100000,1,0,Analyst,Sr.,0,1,0,0,0,0,1,0,89500.0
job-ee4db6c86845c153,Data Scientist,80000,100000,1,0,Scientist,None,1,0,0,0,0,0,0,1,90000.0
job-ee8702a31f28862c,Data Analytics Engineer (Remote),90000,115000,1,0,MLEngineer,None,0,0,1,0,0,0,0,1,102500.0
job-f0aca61664eba6cd,"Data Scientist, Junior",87000,111000,0,0,Scientist,Jr.,1,0,0,0,0,1,0,0,99000.0
job-f0d02935a4686b0f,Staff Data Scientist,176634,176634,1,0,Scientist,None,1,0,0,0,0,0,0,1,176634.0
job-f1d0a408b3ca594c,Data Scientist,102000,130000,0,0,Scientist,None,1,0,0,0,0,0,0,1,116000.0
job-f205b91f113dfafb,Data Scientist - All Levels,99000,126000,0,0,Scientist,None,1,0,0,0,0,0,0,1,112500.0
job-f2c0dec0eec47be9,Data Science Analyst,70000,89000,0,0,Analyst,None,0,1,0,0,0,0,0,1,79500.0
job-f316916398cfacf0,Jr. Data Analyst,56000,71000,0,0,Analyst,Jr.,0,1,0,0,0,1,0,0,63500.0
job-f3b76ca213fd1cf9,Data Scientist Consultant,120000,152000,0,0,Scientist,None,1,0,0,0,0,0,0,1,136000.0
job-f3bd7ff1872a12ef,Data Scientist Internship - OR,68000,87000,0,1,Scientist,None,1,0,0,0,0,0,0,1,77500.0
job-f3ca2c902f1b5cec,Data Scientist,99000,125000,0,0,Scientist,None,1,0,0,0,0,0,0,1,112000.0
job-f4b1f6c5f30379c5,Data Science (Audio) Intern,47000,60000,0,1,Scientist,None,1,0,0,0,0,0,0,1,53500.0
job-f5507b527eecfc07,Data Science Intern,45000,58000,0,1,Scientist,None,1,0,0,0,0,0,0,1,51500.0
job-f55b650fef8e1c48,Junior Data Engineer,70000,89000,0,0,MLEngineer,Jr.,0,0,1,0,0,1,0,0,79500.0
job-f71657b122b62532,GCP Data Engineer- (remote),145000,170000,1,0,MLEngineer,None,0,0,1,0,0,0,0,1,157500.0
job-f7b2e9206e2fd91c,Data Scientist,128000,162000,1,0,Scientist,None,1,0,0,0,0,0,0,1,145000.0
job-f8e0660a79c87e7a,Data Scientist,113000,143000,0,0,Scientist,None,1,0,0,0,0,0,0,1,128000.0
job-f8e595ba86d40c02,Data Scientist - Climate Risk Modeling,122000,154000,1,0,Scientist,None,1,0,0,0,0,0,0,1,138000.0
job-f92671ca325357cc,Senior Data Engineer,154600,209200,1,0,MLEngineer,Sr.,0,0,1,0,0,0,1,0,181900.0
job-f9a84682eae1b57f,Data Scientist – Customer Operations,83000,106000,1,0,Scientist,None,1,0,0,0,0,0,0,1,94500.0
job-f9d9e208ca25481b,Junior Data Scientist,72000,91000,0,0,Scientist,Jr.,1,0,0,0,0,1,0,0,81500.0
job-fa1487d5e35b1d3d,Azure ML Data scientist,114000,144000,1,0,MLEngineer,None,0,0,1,0,0,0,0,1,129000.0
job-faa71a8a5ad27cb7,Associate Data Scientist (Remote),75000,105000,1,0,Scientist,Jr.,1,0,0,0,0,1,0,0,90000.0
job-fc9e8f57f0724de7,Recruiting Analyst,133000,133000,1,0,Analyst,None,0,1,0,0,0,0,0,1,133000.0
job-fcae879011e3d6e0,Ads Data Science Manager,155000,197000,0,0,Scientist,Sr.,1,0,0,0,0,0,1,0,176000.0
job-fce2caaee819dde7,Data Science Intern (Digital Foundry),38000,49000,0,1,Scientist,None,1,0,0,0,0,0,0,1,43500.0
job-fd0991eae6ebba1f,"Associate Data Scientist, Operations Decision Science",69000,88000,0,0,Scientist,Jr.,1,0,0,0,0,1,0,0,78500.0
job-fd597b78cece5c01,Data Engineer,90000,160000,1,0,MLEngineer,None,0,0,1,0,0,0,0,1,125000.0
job-fd6fbae1cbd2e1e8,Junior Data Engineer,74000,93000,1,0,MLEngineer,Jr.,0,0,1,0,0,1,0,0,83500.0
job-fda3db668b886829,Data Scientist (Remote),120000,151000,1,0,Scientist,None,1,0,0,0,0,0,0,1,135500.0
job-fdabb3af05a79047,Intern- Materials Data Management,81000,103000,0,1,Unidentified,Sr.,0,0,0,0,1,0,1,0,92000.0
job-fdff1dfc57823024,Data Engineer,103000,131000,0,0,MLEngineer,None,0,0,1,0,0,0,0,1,117000.0
job-fe6e382847752143,Data Scientist,130000,130000,1,0,Scientist,None,1,0,0,0,0,0,0,1,130000.0
job-feba5abf21314515,eCornell Online Course Facilitator - Data Science,73000,92000,0,0,Scientist,None,1,0,0,0,0,0,0,1,82500.0
