job_key,job_title,salary_low,salary_high,is_remote,job_type,is_intern,salary_avg,role,seniority
job-0011b268f48bc6c2,Data Analytics Intern (Summer 2023 - Remote),40000,51000,Y,Internship,1,45500.0,analyst,unknown
job-0044953d92fa1cc7,Data Analyst,65000,75000,N,Full-time,0,70000.0,analyst,unknown
job-0072004f2d3180a4,Data Scientist (Remote),96000,220000,Y,Full-time (i),0,158000.0,scientist,unknown
job-00d80147a1b5d603,Data Scientist,106000,134000,N,Full-time (i),0,120000.0,scientist,unknown
job-01902d8707f063a4,Data Scientist I,74000,94000,Y,Full-time,0,84000.0,scientist,unknown
job-01acda57dd1ee035,Data Scientist,85000,108000,N,Full-time,0,96500.0,scientist,unknown
job-01bc99b11ef5cfb9,Data Scientist I,98000,124000,N,Full-time,0,111000.0,scientist,unknown
job-01f2291640f5921c,DATA ENGINEER: INFORMATICA,85000,108000,Y,Full-time,0,96500.0,engineer,unknown
job-01fc8bb546b86f0c,Data Engineer,90000,115000,N,Full-time,0,102500.0,engineer,unknown
job-02029f355417cfc6,Artificial Intelligence (AI)/Machine Learning (ML) Graduate,117000,149000,N,Full-time,0,133000.0,engineer,unknown
job-0459faf946006dc9,Junior Data Scientist (Data science and AI),84000,107000,N,Full-time (i),0,95500.0,scientist,jr
job-046638552d4cb0ca,Junior Data Analyst,68000,86000,Y,Full-time (i),0,77000.0,analyst,jr
job-04d8daa933d28271,Sr. Digital Data Analyst – Remote,96330,144560,Y,Full-time (i),0,120445.0,analyst,sr
job-05f7fd765c4bd9d7,Data Engineer,100000,130000,Y,Full-time,0,115000.0,engineer,unknown
job-060c0f71a5eac4a8,"Intern, Integrated Analytics - Summer 2023",34000,43000,Y,Full-time,1,38500.0,analyst,unknown
job-0676301fe9bfbd9d,Data Engineer,105000,132000,N,Full-time,0,118500.0,engineer,unknown
job-06e65096698ac9c5,(Remote) Data Scientist - Rockefeller Neuroscience Institute,59000,75000,Y,Full-time,0,67000.0,scientist,unknown
job-06e92275f4d550c0,Data Science Intern,0,0,N,Full-time,1,0.0,scientist,unknown
job-07696f51c770dba2,Statistical Analyst (Remote),55000,63000,Y,Full-time,0,59000.0,analyst,unknown
job-0797666d07350dba,Data Science Intern,48000,61000,N,Internship,1,54500.0,scientist,unknown
job-082d8a60f784a790,Data Scientist,101500,145000,N,Full-time,0,123250.0,scientist,unknown
job-08355578b3b5058b,Data Science Engineering Intern,44000,56000,N,Part-time,1,50000.0,engineer,unknown
job-08695ea0b6747b80,"Data Analyst, Global Public Policy",0,0,N,Full-time (i),0,0.0,analyst,unknown
job-089d31b5fc826ce2,Data Scientist and Visualization Developer,110000,140000,N,Full-time,0,125000.0,scientist,unknown
job-08b2dfdc34ef2351,Data Science Analyst,0,0,N,Full-time,0,0.0,analyst,unknown
job-090182c7de816b87,Data Science Intern,42000,53000,N,Internship,1,47500.0,scientist,unknown
job-0918ebf91e47d8fc,Data Engineer,160000,170000,N,Contract,0,165000.0,engineer,unknown
job-094f305c57858a88,Data Scientist,122000,154000,N,Full-time,0,138000.0,scientist,unknown
job-09697effdb4f6086,Data Scientist II - Remote,100000,125000,Y,Full-time (i),0,112500.0,scientist,unknown
job-09c43b4bc220744b,"Machine Learning Intern, Research",0,0,N,Internship,1,0.0,unknown,unknown
job-0a756a1add50eec1,Sales Operations Analyst,48000,61000,Y,Internship,1,54500.0,analyst,unknown
job-0bc449d9c7bf618d,Data Engineer,96900,131100,N,Full-time,0,114000.0,engineer,unknown
job-0bc96cc6a2b24d8e,Data Science/Engineering Intern,70000,88000,N,Full-time (i),1,79000.0,engineer,unknown
job-0cf4f93d3fdf3bfd,"Data Scientist, Growth",160000,255000,N,Full-time (i),0,207500.0,scientist,unknown
job-0d75247d02f8f6cc,Junior Data Scientist - Remote US,71000,90000,Y,Full-time (i),0,80500.0,scientist,jr
job-0d8c028ae9e54edc,Data Scientist,80000,101000,N,Full-time,0,90500.0,scientist,unknown
job-0e1d5967104a888e,2023 Data Science Intern,29000,37000,N,Internship,1,33000.0,scientist,unknown
job-0e2a587c048b2220,Data Engineer,84000,107000,N,Full-time (i),0,95500.0,engineer,unknown
job-0e3dc3765019f381,Data Science/Statistics Intern,0,0,N,Internship,1,0.0,scientist,unknown
job-0ec984e59d3ce730,Data Scientist,104000,132000,Y,Full-time,0,118000.0,scientist,unknown
job-0ee0a329d388a628,Internship 2023 - DFM Operations Intern,35000,44000,N,Internship,1,39500.0,unknown,unknown
job-0f39f4097013f08c,"Data Scientist IV, Utility Reliability - REMOTE",119900,159500,N,Full-time,0,139700.0,scientist,unknown
job-0f5c5e6c57cc4200,Data Science Analyst I or II,63000,80000,N,Full-time,0,71500.0,analyst,unknown
job-1266d610b3f33877,"Experimentation and Causal Inference Intern, Data Science and Engineering",70000,89000,N,Internship,1,79500.0,engineer,unknown
job-1292d743fbc2f949,Data Engineer/Data Scientist,100000,180000,Y,Full-time,0,140000.0,engineer,unknown
job-137db19521390290,Data Science Trainee,0,0,N,Internship,1,0.0,scientist,unknown
job-1486a8364c710044,Data Engineer,77500,103000,Y,Full-time,0,90250.0,engineer,unknown
job-14b0a19ce66d555d,Data Engineer,85000,109000,N,Full-time (i),0,97000.0,engineer,unknown
job-14df9bc1246c5c66,Senior Data Scientist,125000,185000,N,Full-time,0,155000.0,scientist,sr
job-159bef873366f13f,Data Science Analyst (Remote),130000,130000,Y,Full-time (i),0,130000.0,analyst,unknown
job-15b6732e63ee8188,Head of Data Science,190000,260000,Y,Full-time (i),0,225000.0,scientist,unknown
job-16ab7189e6f995cf,Data Engineer,104000,131000,Y,Full-time,0,117500.0,engineer,unknown
job-16cc4416d992d36c,IT Data Science Intern,0,0,N,Full-time,1,0.0,scientist,unknown
job-17465dcacdbf8d67,Jr. Software Engineer,85000,109000,Y,Full-time (i),0,97000.0,engineer,jr
job-175d7a3bd494110f,Research Analyst Intern - Summer 2023,0,0,N,Internship,1,0.0,analyst,unknown
job-176a47d38fffb257,Data Scientist,0,0,N,Full-time,0,0.0,scientist,unknown
job-17bc43b431871b45,Data Analyst,47000,60000,N,Full-time,0,53500.0,analyst,unknown
job-18a754e619e0a423,Data Scientist,98000,125000,N,Full-time,0,111500.0,scientist,unknown
job-18bd709e00fbc35d,Data Scientist,127000,160000,N,Full-time,0,143500.0,scientist,unknown
job-19a9f2a4deb9847c,Data Scientist,108000,136000,Y,Full-time (i),0,122000.0,scientist,unknown
job-1a044f6636826eee,"Data Engineering Intern, Data Science and Engineering",73000,93000,N,Internship,1,83000.0,engineer,unknown
job-1a6820b95c055ffd,"Data Scientist Intern, Analytics",20,50,N,Internship,1,35.0,analyst,unknown
job-1a71dae9eb5d9c70,Data Engineer,106000,134000,Y,Contract,0,120000.0,engineer,unknown
job-1acfc523a7fe4db3,Data Report Specialist | Remote,0,0,Y,Full-time,0,0.0,unknown,unknown
job-1adf265cf6f45232,Data Scientist,130000,164000,Y,Full-time (i),0,147000.0,scientist,unknown
job-1ae2ff28f49416a5,Data Scientist,53000,67000,N,Full-time (i),0,60000.0,scientist,unknown
job-1b2167ae36c95a44,Data Mining Scientist,0,0,Y,Full-time (i),0,0.0,scientist,unknown
job-1b398e573d09e0cb,"Data Engineer, Search Engine Optimization",134000,179500,Y,Full-time (i),0,156750.0,engineer,unknown
job-1b6c11f7e66985e0,Junior Data Scientist (US - East Coast),63000,80000,N,Full-time,0,71500.0,scientist,jr
job-1bd75dfa708037d4,Data Scientists,99000,125000,N,Full-time (i),0,112000.0,scientist,unknown
job-1c971fa15a15e993,Data Engineer,90000,115000,N,Contract,0,102500.0,engineer,unknown
job-1cb5ddaff3d99e8b,"Data Scientist, Viral Genomics",0,0,N,Full-time,0,0.0,scientist,unknown
job-1d187791ab447593,Data Engineer General,72000,91000,N,Contract,0,81500.0,engineer,unknown
job-1d6776cff1a1e69f,Data Analyst - Remote,0,0,N,Full-time,0,0.0,analyst,unknown
job-1d6ea52576020fee,Data Scientist,75000,95000,Y,Full-time (i),0,85000.0,scientist,unknown
job-1dd50198e8aea5f9,"Scientist, Data Science",0,0,N,Full-time (i),0,0.0,scientist,unknown
job-1e69606a89666508,Data Visualization Specialist,72176,108909,Y,Full-time,0,90542.5,unknown,unknown
job-1ecbed9e78564475,2023 AI Research - Internship,0,0,Y,Internship,1,0.0,unknown,unknown
job-1f0af9e4705a18eb,2023 University Graduate - Data Science 1,84000,107000,N,Full-time,0,95500.0,scientist,unknown
job-1f7832ce253836a3,Summer 2023 Data Center GPU Validation Co-Op/ Intern,70000,89000,N,Internship,1,79500.0,unknown,unknown
job-20647dc4afaf4a36,Laboratory Data Scientist,4206,4416,N,Full-time,0,4311.0,scientist,unknown
job-20aaed49d55b16de,Data Scientist I,75000,94000,N,Full-time,0,84500.0,scientist,unknown
job-20d3e043ea23ef18,Data Analyst (Remote),60000,80000,Y,Full-time,0,70000.0,analyst,unknown
job-20df28fa224fe0b6,Senior Data Analyst,115000,250000,Y,Full-time (i),0,182500.0,analyst,sr
job-2125271a37f60153,Research Data Scientist,134000,170000,Y,Full-time (i),0,152000.0,scientist,unknown
job-22409aeaca7a375b,Data Scientist,130000,300000,Y,Full-time (i),0,215000.0,scientist,unknown
job-227657f7f2463141,"Associate Data Scientist, 2023 Graduate",80000,101000,N,Full-time,0,90500.0,scientist,jr
job-228fe572936c3240,Machine Learning Intern (Summer 2023),11000,11000,Y,Internship,1,11000.0,unknown,unknown
job-22f2dfdeaa51ac84,Scientist I - Neurophysiology Data Analysis,0,0,N,Full-time (i),0,0.0,analyst,unknown
job-2331eec5e4e44055,Data Scientist (Remote),106000,134000,Y,Full-time,0,120000.0,scientist,unknown
job-233493435dd70c94,Data Scientist (1386547),116000,147000,N,Full-time (i),0,131500.0,scientist,unknown
job-23eaf853901b8974,Data Science & Analytics Development Program 2023a,80000,102000,N,Full-time (i),0,91000.0,analyst,unknown
job-240f16f900b54f70,"Research Intern, AI (Spring/Summer 2023)",0,0,Y,Internship,1,0.0,unknown,unknown
job-241407ac3f3b31d6,Data Science Intern,60000,75000,N,Internship,1,67500.0,scientist,unknown
job-24be0ae969ecb040,Data Engineer I,37,37,Y,Full-time,0,37.0,engineer,unknown
job-259055e87f13965c,"Data Engineer, 1",134000,164000,N,Full-time,0,149000.0,engineer,unknown
job-260b91c2b4825639,Data Scientist,84000,107000,N,Full-time,0,95500.0,scientist,unknown
job-264fe6de0d004f5d,Data Scientist,74000,94000,N,Full-time (i),0,84000.0,scientist,unknown
job-266351fa2c92d811,Data Scientist,99595,129472,Y,Full-time,0,114533.5,scientist,unknown
job-266dae378e31712d,Data Analyst,63000,80000,Y,Full-time,0,71500.0,analyst,unknown
job-280e08ef04cb7740,Data Scientist,90000,115000,Y,Full-time,0,102500.0,scientist,unknown
job-2904db10639ec9c3,R&I Data Science & Sustainability Internship - 12 Months,44000,56000,N,Full-time,1,50000.0,scientist,unknown
job-2a15ae67684a6dde,Data Analyst,78000,99000,Y,Full-time,0,88500.0,analyst,unknown
job-2a1e68cf23e75808,Data Scientist,0,0,N,Full-time (i),0,0.0,scientist,unknown
job-2b4f6660895f9574,Data Analyst,80000,110000,N,Full-time,0,95000.0,analyst,unknown
job-2b7f43aae2c37421,"Data Scientist, Risk",117000,148000,N,Full-time (i),0,132500.0,scientist,unknown
job-2c189f217200e1c2,"Junior Researcher, Data Science",69000,87000,N,Full-time (i),0,78000.0,scientist,jr
job-2c1ed3624830359b,Research Data Science Intern,66000,84000,N,Internship,1,75000.0,scientist,unknown
job-2d83cf3dae2ab1df,Analytics Summer 2023 Intern,0,0,N,Full-time,1,0.0,analyst,unknown
job-2e1411eb5f7eb4f4,Data Scientist - Intern,20,25,N,Full-time,1,22.5,scientist,unknown
job-2e68f94e4620164d,Data Engineer - ETL,94000,120000,N,Full-time,0,107000.0,engineer,unknown
job-2ebc0a1b1b589f8a,Data Scientist,80000,80000,N,Full-time,0,80000.0,scientist,unknown
job-2ec9615060a9a5c2,Data Scientist / Quantitative Analyst,0,0,N,Full-time,0,0.0,analyst,unknown
job-2ef2433a09309f54,Data Scientist,93000,118000,N,Full-time,0,105500.0,scientist,unknown
job-2f18ae87825483ca,Data Science Intern,43000,54000,N,Internship,1,48500.0,scientist,unknown
job-2f7577d331547bec,Associate Machine Learning Engineer (Remote),73000,92000,Y,Full-time,0,82500.0,engineer,jr
job-3052cab2ca9408ad,"Data Scientist I, Risk Analytics",115360,151410,Y,Full-time (i),0,133385.0,analyst,unknown
job-30ae6c0eb6c2fb40,Technology Intern- Technology Summer Internship Program,75000,90000,N,Internship,1,82500.0,unknown,unknown
job-30c2bfb3dabbd1df,Data Scientist,100984,131277,Y,Full-time (i),0,116130.5,scientist,unknown
job-30e9be7bbe9eb3ed,Data Engineer,0,0,N,Full-time (i),0,0.0,engineer,unknown
job-30f80792440292e7,"Senior Associate, Data Science (R-13261)",73000,92000,Y,Full-time,0,82500.0,scientist,jr
job-319710555117dbdc,Data Analyst,19,26,Y,Internship,1,22.5,analyst,unknown
job-31f050977b6b88e7,Director - Data Science,133000,168000,N,Full-time,0,150500.0,scientist,unknown
job-3239a1fa7c5a474b,Junior Data Scientist,81000,103000,N,Contract,0,92000.0,scientist,jr
job-332bb4ffd55ade85,Data Analytics Manager (Remote),210000,210000,Y,Full-time (i),0,210000.0,analyst,unknown
job-3366271063a2aadc,Data Scientist,105000,133000,Y,Full-time,0,119000.0,scientist,unknown
job-33a5380c2fb99063,Data Scientist | Remote-US,91000,116000,Y,Full-time,0,103500.0,scientist,unknown
job-33a89a95b75ac898,Data Scientist Intern,39000,50000,N,Full-time,1,44500.0,scientist,unknown
job-340580918cebc59a,Principal Data Scientist,138000,174000,N,Full-time,0,156000.0,scientist,unknown
job-34168de0afe6d03b,"Data Engineer L5, Playback",127000,161000,N,Full-time (i),0,144000.0,engineer,unknown
job-3438b193c2839efd,"Data Engineer, Omaha",131000,166000,N,Full-time (i),0,148500.0,engineer,unknown
job-344460511542411d,Senior Data Engineer (Remote),109000,138000,Y,Full-time,0,123500.0,engineer,sr
job-3595d063e3084b41,Network Data Scientist,130000,180000,Y,Full-time (i),0,155000.0,scientist,unknown
job-35fb9c810e340ea8,"2023 Summer (May- Aug) Intern, Data Science",40000,50000,N,Full-time,1,45000.0,scientist,unknown
job-36b1de947c1b6ef3,"(Senior) Data Scientist, Clinical & Genomics",0,0,Y,Full-time (i),0,0.0,scientist,sr
job-375f10c6aa43360e,Senior Data Scientist,121000,153000,Y,Full-time,0,137000.0,scientist,sr
job-376e51fb0cf6188a,Fuse Data Science & Engineering Internship (Summer 2023),0,0,N,Full-time,1,0.0,engineer,unknown
job-378637ce972ec692,Data Scientist,120000,180000,Y,Full-time,0,150000.0,scientist,unknown
job-380e4480b1f38d63,Data Center Specialist,30000,58000,N,Full-time,0,44000.0,unknown,unknown
job-3837064918d4e5fb,Data Scientist Intern,48000,60000,N,Internship,1,54000.0,scientist,unknown
job-386968bf9bffd7f3,Senior Data Engineer,0,0,N,Full-time (i),0,0.0,engineer,sr
job-38ae3e9b8611137d,Data Scientist,80000,80000,Y,Full-time,0,80000.0,scientist,unknown
job-38c285cf84dd086e,Senior Data Scientist (Remote),96000,220000,Y,Full-time (i),0,158000.0,scientist,sr
job-394cdda7ee2e601a,Data Science Intern (Spring),41000,52000,Y,Internship,1,46500.0,scientist,unknown
job-395bd650cdb99f1c,Applied Scientist 1,0,0,Y,Full-time (i),0,0.0,scientist,unknown
job-3a1eb2d5f9f0a093,Data Engineer,93000,119000,N,Full-time,0,106000.0,engineer,unknown
job-3ac8374fbb32a5bb,Data Scientist,122000,154000,Y,Full-time (i),0,138000.0,scientist,unknown
job-3adea9dfd9f4a9cd,Data Engineer,0,0,N,Full-time (i),0,0.0,engineer,unknown
job-3aecd3e9a13bbdb2,Data Scientist,92000,117000,N,Full-time,0,104500.0,scientist,unknown
job-3af02d93417e951c,Junior Data Scientist,55000,60000,Y,Internship,1,57500.0,scientist,jr
job-3bf03330105afbbe,Data Engineer,110000,110000,N,Full-time,0,110000.0,engineer,unknown
job-3c1a8f0015f73188,Data Analytics Intern,37000,47000,N,Full-time,1,42000.0,analyst,unknown
job-3cec83dc45f5811a,Data Scientist II,81000,104000,N,Full-time,0,92500.0,scientist,unknown
job-3d002937d72cdd24,Data Scientist,127000,161000,N,Contract,0,144000.0,scientist,unknown
job-3d91424591cbbf79,Associate PL/SQL Data Engineer (REMOTE),50000,70000,Y,Full-time,0,60000.0,engineer,jr
job-3e3d92e9d69da663,Data Science Engineer,82000,105000,N,Full-time,0,93500.0,engineer,unknown
job-3e417767f39f88ea,Human Resources Data Analyst,71000,90000,Y,Full-time (i),0,80500.0,analyst,unknown
job-3e8e7d8db670dc1a,Data Science Intern,70,75,N,Full-time,1,72.5,scientist,unknown
job-3f48c7f7af2fc151,Product Data Scientist,74000,94000,Y,Full-time,0,84000.0,scientist,unknown
job-3fdc097d907cb412,Data Scientist,76000,97000,N,Full-time,0,86500.0,scientist,unknown
job-3fe6f55c69579156,Data Engineer I,71000,90000,Y,Full-time,0,80500.0,engineer,unknown
job-4056f93fad9049d5,Data Scientist,135000,170000,Y,Full-time,0,152500.0,scientist,unknown
job-41907f74de9bc1ed,Data Scientist,75000,85000,N,Full-time,0,80000.0,scientist,unknown
job-42a78e91d010b05d,Data Science Graduate,104000,131000,N,Full-time,0,117500.0,scientist,unknown
job-43087b7ed6a1a3b8,Data Scientist,109000,138000,Y,Full-time (i),0,123500.0,scientist,unknown
job-4333d4e5f4a5b265,Data Scientist Associate 1,0,0,N,Full-time (i),0,0.0,scientist,jr
job-4395b81e0521fcef,Software Engineering Intern (Machine Learning Sys) - 2023 Summer (BS/MS),67000,85000,N,Internship,1,76000.0,engineer,unknown
job-44148c70c1a0ea67,Data Scientist,110000,120000,N,Full-time,0,115000.0,scientist,unknown
job-4484d7039ddfc55e,Data Scientist,90000,115000,N,Full-time (i),0,102500.0,scientist,unknown
job-45b5e683f10fab56,Data Center Engineer,90000,115000,N,Full-time (i),0,102500.0,engineer,unknown
job-45fd76fcba13722c,"Senior Software Engineer, Data Infra",106000,134000,N,Full-time,0,120000.0,engineer,sr
job-47a1ecd2c7c33537,Data Analyst (Remote),69000,88000,Y,Full-time,0,78500.0,analyst,unknown
job-47fb933602ef3be4,Data Science Intern,39000,49000,N,Internship,1,44000.0,scientist,unknown
job-4823d05ce00f9881,Data Analyst,0,0,N,Full-time (i),0,0.0,analyst,unknown
job-48f7a92af23648f4,Data Scientist I,0,0,N,Full-time (i),0,0.0,scientist,unknown
job-49a72189df661f83,Lead Engineer - Data,112000,196000,Y,Full-time (i),0,154000.0,engineer,unknown
job-4ab9b226a05c93da,Remote Customer Technical Support Specialist,18,24,Y,Full-time,0,21.0,unknown,unknown
job-4ac87d68765ad235,data scientist sr- People Analytics (Remote),109000,205600,Y,Full-time,0,157300.0,analyst,sr
job-4b405b37395c9e3d,Data Analyst,53600,53600,Y,Full-time,0,53600.0,analyst,unknown
job-4b6a8f04d7079151,Data Scientist,80000,102000,N,Full-time (i),0,91000.0,scientist,unknown
job-4bb9b8fb0f45b6bf,Data Science Intern - Summer 2023,32000,40000,N,Full-time,1,36000.0,scientist,unknown
job-4bfb7e005e74b801,Data Scientist,96000,123000,N,Full-time,0,109500.0,scientist,unknown
job-4c0d9395ce3542ca,"Staff Data Scientist, Guest & Host",180000,245000,Y,Full-time (i),0,212500.0,scientist,unknown
job-4cedb157a4815968,Data Engineer,100000,127000,Y,Full-time,0,113500.0,engineer,unknown
job-4d9c7104fe8f3182,Data Scientist,130000,159000,Y,Full-time (i),0,144500.0,scientist,unknown
job-4de70f520ccfc077,2023 Entry Level Associate Data Engineer,43280,59510,N,Full-time,0,51395.0,engineer,jr
job-4df6e4c7297a4f54,Machine Learning & Modeling Co-op,37000,48000,N,Full-time,1,42500.0,unknown,unknown
job-4df9eab753fc82ce,"Data Scientist (Deep Learning, ML, NLP)",154000,195000,Y,Full-time (i),0,174500.0,engineer,unknown
job-4dff94f1d654a00c,Credit Research Analyst - Expert Summer Intern Programme - 2023,110000,110000,N,Internship,1,110000.0,analyst,unknown
job-4e36abb4c8802708,"Data Scientist, Baseball Research & Development",105000,133000,Y,Full-time (i),0,119000.0,scientist,unknown
job-4e4f60f7011d7535,Data Science Intern | Data Science Team,15,15,Y,Internship,1,15.0,scientist,unknown
job-4fbc17578ef9deb3,2023 Entry Level Associate Data Engineer: Advanced Analytics,47600,65450,N,Full-time,0,56525.0,analyst,jr
job-4fcc331f991d0b4d,Data Scientist & Statistician,0,0,N,Full-time,0,0.0,scientist,unknown
job-4ffe847b64625669,Data Science Intern - Summer 2023,50000,64000,N,Internship,1,57000.0,scientist,unknown
job-50387d446166e1d0,ArborCount Data Technician,57000,72000,Y,Full-time (i),0,64500.0,unknown,unknown
job-5062462d0a68c093,Data Scientist,0,0,N,Full-time,0,0.0,scientist,unknown
job-50bda7b9d0d3a40b,Data Scientist,101000,127000,N,Full-time (i),0,114000.0,scientist,unknown
job-50f4e61f49824e55,Koch Minerals & Trading Data Scientist Intern – Summer 2023,0,0,N,Full-time,1,0.0,scientist,unknown
job-50fc6373c08e9d19,Data Labeler,82000,105000,N,Full-time (i),0,93500.0,unknown,unknown
job-517757c5ec64f8d3,"ENGINEER, DATA",99583,115484,N,Full-time,0,107533.5,engineer,unknown
job-51a9496d787b39c0,Biomedical Data Scientist - Health Technologies,0,0,N,Full-time,0,0.0,scientist,unknown
job-530460f870702843,Data Analyst,80000,102000,Y,Full-time,0,91000.0,analyst,unknown
job-531423f49f143100,Crime Analyst / Intelligence Analyst,0,0,N,Full-time (i),0,0.0,analyst,unknown
job-531b5517998bb48e,Intern - Data Engineer (Spring 2023),47000,59000,N,Part-time,1,53000.0,engineer,unknown
job-53567abfbe7b88f8,Data Engineer,99400,99400,N,Full-time,0,99400.0,engineer,unknown
job-5380c423310a0508,Co-op / Intern - Data Science,0,0,N,Full-time,1,0.0,scientist,unknown
job-53d77b995977b2d2,Data Scientist II,86000,110000,N,Full-time,0,98000.0,scientist,unknown
job-54bf2be3f86d76fd,Data Scientist,120000,151000,N,Full-time,0,135500.0,scientist,unknown
job-54db6aa73c78afa1,Data Scientist,83000,106000,N,Full-time,0,94500.0,scientist,unknown
job-563bf8ee3692e34f,HPC and Data Science Intern,45000,57000,Y,Internship,1,51000.0,scientist,unknown
job-56e03cc91fff1752,Product Data Scientist,0,0,N,Full-time (i),0,0.0,scientist,unknown
job-57161b6c7ee09743,Jr. Data Scientist,99000,126000,N,Full-time,0,112500.0,scientist,jr
job-5741a4dbbe15cade,Sr. Data Analyst,82000,104000,N,Full-time,0,93000.0,analyst,sr
job-575667043de017a1,Staff Data Scientist,132000,168000,Y,Full-time,0,150000.0,scientist,unknown
job-57eeed64565f41dd,Data Engineer,79000,101000,N,Full-time (i),0,90000.0,engineer,unknown
job-57f034099065b744,Data Visualization Engineer,67200,90000,N,Full-time,0,78600.0,engineer,unknown
job-580823e64df3a742,EDI Data Engineer,69000,87000,N,Full-time,0,78000.0,engineer,unknown
job-58a24e7053634e51,Healthcare Data Analyst,50000,114000,Y,Full-time,0,82000.0,analyst,unknown
job-593fd83ee1b247d3,Data Science Intern,44000,55000,N,Full-time,1,49500.0,scientist,unknown
job-5a56ac5aae1f0b21,Data Science Intern,51000,65000,N,Internship,1,58000.0,scientist,unknown
job-5a88ee3cd95fca6d,NYL Data Scientist/Statistician Internship,40,40,Y,Internship,1,40.0,scientist,unknown
job-5af8b0c701ca7aaa,Intern,35000,44000,N,Full-time,1,39500.0,unknown,unknown
job-5b256331cda99c7e,Data Scientist,99000,126000,N,Full-time,0,112500.0,scientist,unknown
job-5bcdf819a19dde12,2023 University Graduate - Data Scientist,0,0,N,Full-time,0,0.0,scientist,unknown
job-5c05bbcec4ccad75,Speech Recognition Data Labeler (Contract),450,650,Y,Contract,0,550.0,unknown,unknown
job-5c4cc0a38cc4fd1c,Data Scientist 3,92000,117000,N,Full-time,0,104500.0,scientist,unknown
job-5d7fcd1854c2e58f,Data Engineer,95000,105000,Y,Full-time,0,100000.0,engineer,unknown
job-5e0c6a65cfc80c07,Data Engineer,100000,127000,N,Full-time (i),0,113500.0,engineer,unknown
job-5e43521f75fcad23,Data Engineer,135000,155000,Y,Full-time (i),0,145000.0,engineer,unknown
job-5eaa1f0b29171fa8,Data Science Co-Op,94000,119000,N,Full-time (i),1,106500.0,scientist,unknown
job-5f1103ebd513c781,Data Scientist - Evernorth,95800,159600,N,Full-time,0,127700.0,scientist,unknown
job-5fb709ded0d09899,Data Scientist – Biosensor Analytics,106000,134000,Y,Full-time (i),0,120000.0,analyst,unknown
job-5fff07e6e2b3e0b1,"Data Strategy, Data Scientist – Equity Research",100000,110000,N,Full-time,0,105000.0,scientist,unknown
job-6016a05f12103626,Jr. Data Scientist,63000,80000,N,Full-time,0,71500.0,scientist,jr
job-60eddabd88d0e17a,Data Scientist II,39,39,Y,Full-time,0,39.0,scientist,unknown
job-61f4d2dc654ef64e,Simulation Data Scientist,106000,134000,N,Full-time,0,120000.0,scientist,unknown
job-61fd4729942080a0,"Engineer, Data (JetBlue Travel Products)",98000,125000,N,Full-time (i),0,111500.0,engineer,unknown
job-6231f03d5cd6a347,"Data Science Intern, 2023 Summer U.S.",48000,60000,N,Internship,1,54000.0,scientist,unknown
job-625bf4aed6e75fbb,Intern - Data Scientist,45000,58000,Y,Internship,1,51500.0,scientist,unknown
job-62753bd28b0589dc,Data Engineer (Remote worldwide),155500,155500,Y,Full-time,0,155500.0,engineer,unknown
job-629cb3acc17b00de,Data Scientist (Contract),96000,122000,N,Contract,0,109000.0,scientist,unknown
job-629e89007cef06c0,Data Scientist,90000,115000,N,Full-time (i),0,102500.0,scientist,unknown
job-62b7ce96500f5adf,Data Scientist,101000,127000,N,Full-time (i),0,114000.0,scientist,unknown
job-62bd43ec8c8768ae,Data Analyst,93000,118000,Y,Contract,0,105500.0,analyst,unknown
job-62d677313cb6093d,Data Science Intern at UIUC Research Park - Spring 2023,32000,40000,N,Internship,1,36000.0,scientist,unknown
job-63696188778dab88,Data Scientists,147000,186000,Y,Full-time (i),0,166500.0,scientist,unknown
job-63bec62e3fe37cef,Data Scientist - Marketing,0,0,Y,Full-time,0,0.0,scientist,unknown
job-63fb58456f70e5b1,Data Scientist,101000,128000,N,Full-time,0,114500.0,scientist,unknown
job-64224ed0c4491e35,Data Science - Graduate Intern.,0,0,N,Part-time,1,0.0,scientist,unknown
job-64766bc3a13bfb4a,Data Scientist (Remote),127000,161000,Y,Full-time,0,144000.0,scientist,unknown
job-6479652b6d6e0b48,Data Analyst,79000,101000,N,Full-time (i),0,90000.0,analyst,unknown
job-65814a901d49f6f0,Data Analyst Intern,33000,42000,N,Internship,1,37500.0,analyst,unknown
job-661c38189327f80f,Data Scientist,82000,105000,N,Full-time,0,93500.0,scientist,unknown
job-66b4fc49942d9045,Data Scientist,90000,114000,N,Full-time,0,102000.0,scientist,unknown
job-67037e14b564d5f5,Data Scientist,105000,133000,N,Full-time,0,119000.0,scientist,unknown
job-673cc98e25a8d226,Data Officer,114000,145000,N,Full-time,0,129500.0,unknown,unknown
job-678f1f56ecb9b876,Data Scientist,0,0,N,Full-time (i),0,0.0,scientist,unknown
job-691fbf2482f56d85,Machine Learning Engineer,97000,123000,N,Full-time (i),0,110000.0,engineer,unknown
job-699cc993187fff79,Data Science / Data Analyst - Early Career,0,0,N,Full-time (i),0,0.0,analyst,unknown
job-69f183ce26037aa3,Intern - DRAM Quality Data Analytics,38000,48000,N,Internship,1,43000.0,analyst,unknown
job-6a21a438fb945acc,Data Scientist,117000,148000,N,Contract,0,132500.0,scientist,unknown
job-6a31228d0dc2ae4e,Data Scientist Intern (Remote),47000,59000,Y,Full-time,1,53000.0,scientist,unknown
job-6a52b663cd9444fb,Data Science & Statistics Intern/Co-Op,0,0,N,Internship,1,0.0,scientist,unknown
job-6a96e1b1c4aea9bb,Data Scientist Advanced Development Program,84000,107000,N,Full-time (i),0,95500.0,scientist,unknown
job-6b0e5f57e2049c63,Machine Learning Research Intern,0,0,N,Internship,1,0.0,unknown,unknown
job-6b15db61a1db5de6,Data Scientist,0,0,N,Full-time,0,0.0,scientist,unknown
job-6bea4faa7fdc9888,Intern - Data Science,38000,48000,N,Full-time,1,43000.0,scientist,unknown
job-6bfad109b485e172,"Manager, Data Science",86000,109000,N,Full-time (i),0,97500.0,scientist,unknown
job-6c2760da1306cdb2,Data Scientist,119000,151000,Y,Full-time,0,135000.0,scientist,unknown
job-6c280d306581b014,Data Review Associate Scientist - Biochemistry,0,0,N,Full-time,0,0.0,scientist,jr
job-6c438a620e58f2a5,Data Analyst,73000,92000,N,Full-time,0,82500.0,analyst,unknown
job-6c45f080e55f211c,"Data Analyst Intern, Customer Experience & Engagement - Summer 2023",73000,92000,N,Full-time,1,82500.0,analyst,unknown
job-6d029acc7384b9e2,Data Evaluator for Hot,99000,125000,Y,Full-time (i),0,112000.0,unknown,unknown
job-6d26b83ebfdb4d1e,Backend Data Engineer,102000,143100,Y,Part-time,0,122550.0,engineer,unknown
job-6d32322bf4c5faa0,Data Engineer – AWS Data Lake Engineer,98000,125000,Y,Full-time,0,111500.0,engineer,unknown
job-6d5726c075d2dd9d,Data Scientist,88000,111000,Y,Full-time,0,99500.0,scientist,unknown
job-6d8750c50840b014,Data Scientist,113000,143000,Y,Full-time,0,128000.0,scientist,unknown
job-6eec04cf86c2bc88,"Data Scientist, University Graduate (Data Analysis TikTok)- 2023 Start (BS/MS)",126000,160000,N,Full-time (i),0,143000.0,analyst,unknown
job-709cadec36abd6e0,Backend Staff Data Engineer,160000,195000,Y,Full-time,0,177500.0,engineer,unknown
job-711d5dc27c5900d3,Data Scientist,113000,143000,N,Full-time,0,128000.0,scientist,unknown
job-72d8c98c2426ec57,Data Science Internship,36000,46000,Y,Full-time,1,41000.0,scientist,unknown
job-73ab5485d154854a,Data Scientist,150000,150000,N,Full-time,0,150000.0,scientist,unknown
job-73fb2d142e07d648,Data Scientist,79000,100000,N,Full-time,0,89500.0,scientist,unknown
job-75072514becfb9ca,Clinical Data Scientist - Contract,107000,135000,Y,Contract,0,121000.0,scientist,unknown
job-750b62e08897ec82,Data Scientist (Remote),86000,110000,Y,Full-time,0,98000.0,scientist,unknown
job-75328ee278c7b732,Planner Climate and Data Science,0,0,N,Full-time (i),0,0.0,scientist,unknown
job-754556627e42fc84,Data Scientist - Remote,104000,132000,Y,Full-time,0,118000.0,scientist,unknown
job-7563544e5dc35887,Data Scientist,100000,140000,Y,Full-time (i),0,120000.0,scientist,unknown
job-75b24e482ee0a152,Data Science Intern,38000,48000,N,Full-time,1,43000.0,scientist,unknown
job-75e150a635df361a,Data Scientist,103000,131000,Y,Full-time (i),0,117000.0,scientist,unknown
job-76191366a4961bcf,Data Engineer,104000,132000,N,Full-time,0,118000.0,engineer,unknown
job-7643c252a8adfc44,Data Scientist,96000,122000,Y,Full-time (i),0,109000.0,scientist,unknown
job-76918834b50321c9,Data Acquisition Analyst,66000,84000,Y,Full-time,0,75000.0,analyst,unknown
job-773b2f3175e76354,Business Intelligence Intern,34000,44000,Y,Internship,1,39000.0,unknown,unknown
job-78a4022911f63755,Associate Data Scientist,70000,89000,N,Full-time,0,79500.0,scientist,jr
job-78f748b6fb9b2a73,Intern - Data Science Analyst,35000,45000,N,Internship,1,40000.0,analyst,unknown
job-79f6fca30cf7c76b,"Analyst, Data Scientist",81000,103000,N,Full-time (i),0,92000.0,analyst,unknown
job-7a07720220241ddc,Data Scientist Co-Op (Spring 2023),103000,131000,Y,Full-time (i),1,117000.0,scientist,unknown
job-7a490dc273be739c,Junior Data Scientist,77000,98000,N,Full-time,0,87500.0,scientist,jr
job-7a7d2641bac69644,Data Analyst - Fully Remote,56000,71000,Y,Full-time (i),0,63500.0,analyst,unknown
job-7ad4ce9e4bfc0a0b,Intern: Bioinformatics,0,0,N,Internship,1,0.0,unknown,unknown
job-7adb52e24ce39d4e,"Data Scientist, Data Science and Solution (Retail Analytics)",107000,135000,N,Full-time,0,121000.0,analyst,unknown
job-7afc43aaeee64c22,Junior Data Scientist,75000,95000,N,Full-time,0,85000.0,scientist,jr
job-7bfaa1e9364874f6,Data Analyst,85000,108000,N,Full-time,0,96500.0,analyst,unknown
job-7c2a03352de79a53,Clinical Data Analyst,0,0,Y,Full-time (i),0,0.0,analyst,unknown
job-7d10576c34a8b1b1,Data Analytics Engineer,81000,103000,N,Full-time (i),0,92000.0,analyst,unknown
job-7d21f59c7541d281,Data Science Intern,42000,53000,N,Internship,1,47500.0,scientist,unknown
job-7d34cb7b5c324187,Data Scientist,100000,127000,Y,Full-time (i),0,113500.0,scientist,unknown
job-7d3a2cf6d0437df0,Data Engineer,120000,120000,Y,Full-time,0,120000.0,engineer,unknown
job-7dc55e392f6902ba,Senior Data Scientist,0,0,N,Full-time (i),0,0.0,scientist,sr
job-7e163e5a8e1c5cbf,Data Scientist,57600,85800,N,Full-time,0,71700.0,scientist,unknown
job-7e623bea8d4ad31f,Data Scientist II,0,0,Y,Full-time,0,0.0,scientist,unknown
job-7ebecd9260532e3e,Jr. Data Engineer I,71000,90000,Y,Full-time (i),0,80500.0,engineer,jr
job-7ee1adc8e27a53a3,Data Scientist,89000,113000,N,Full-time (i),0,101000.0,scientist,unknown
job-80627f28cf633fe0,Data Science Intern,37000,47000,N,Full-time,1,42000.0,scientist,unknown
job-818efdec6a34a7c0,AVCOM - Data Scientist,0,0,Y,Full-time,0,0.0,scientist,unknown
job-81d3dce59d59c680,Data Analyst,95000,121000,Y,Full-time (i),0,108000.0,analyst,unknown
job-82458347050bd372,2023 Internship: Data Scientist,75000,140000,N,Full-time,1,107500.0,scientist,unknown
job-82ee34db05f0eb2d,Data Analyst-Library Science,62800,106500,N,Full-time,0,84650.0,analyst,unknown
job-8476408d5467800f,Data Engineer,104000,132000,Y,Full-time (i),0,118000.0,engineer,unknown
job-8491444fb68a9ce8,Software Engineer (Ctrl Laws & Air Data) - Early Career,0,0,N,Full-time (i),0,0.0,engineer,unknown
job-85014d5fc8422ca9,Data Scientist,70000,110000,N,Full-time,0,90000.0,scientist,unknown
job-8627ec0586caab68,"Data Science Intern, Research & Analytics 2023",41000,52000,N,Full-time,1,46500.0,analyst,unknown
job-86900404171e4bc8,Sr. data scientist,145000,183000,N,Full-time,0,164000.0,scientist,sr
job-8777ba03d007b1b3,Machine Learning Engineer,112000,142000,N,Full-time,0,127000.0,engineer,unknown
job-87a737249209bfc9,Data Engineer,96000,122000,N,Full-time,0,109000.0,engineer,unknown
job-880b1ba7fe346021,Data Science Intern,42000,53000,N,Full-time,1,47500.0,scientist,unknown
job-88e1c7b2ad9f0b24,Data Science Intern - AI Ops,81000,103000,N,Full-time,1,92000.0,scientist,unknown
job-88f4b5838d26abc4,Intern - Data Science/Statistical Analysis,0,0,N,Full-time,1,0.0,analyst,unknown
job-8a0aab5c1d1132e7,Data Scientist,114000,144000,Y,Contract,0,129000.0,scientist,unknown
job-8a4960da1bea9a14,Data Scientist,116000,130500,N,Full-time,0,123250.0,scientist,unknown
job-8a834009c7d01724,Metadata Technologist - Al and Machine Learning,117000,149000,Y,Full-time (i),0,133000.0,unknown,unknown
job-8ab41096cb3c3264,Data Scientist,75,75,Y,Full-time (i),0,75.0,scientist,unknown
job-8b11e85ec74b693d,"Intern, Data Science, People Analytics",73000,93000,Y,Full-time,1,83000.0,analyst,unknown
job-8bbb21f90810dc0f,Data Engineer,0,0,N,Full-time (i),0,0.0,engineer,unknown
job-8c1e1ac097dc7048,Data Scientist,103000,131000,Y,Full-time,0,117000.0,scientist,unknown
job-8c60c32feb60262a,Data Scientist (Remote),120000,150000,Y,Full-time,0,135000.0,scientist,unknown
job-8c9793903a49dd78,Data Scientist,70000,80000,N,Full-time,0,75000.0,scientist,unknown
job-8c9cfef64b45c755,GIS & Data Science Specialist,57000,73000,Y,Full-time (i),0,65000.0,scientist,unknown
job-8cc3349d0a8819de,AWS Data Engineer,108000,137000,Y,Contract,0,122500.0,engineer,unknown
job-8cde8507b40ea085,Data Scientist,88000,112000,N,Full-time (i),0,100000.0,scientist,unknown
job-8ce513fb3cf7f033,Graduate Intern - Scientific Software Development + Data Science,43000,54000,N,Internship,1,48500.0,scientist,unknown
job-8d401996888d5d4f,Lead manager data science – People Analytics,0,0,N,Full-time,0,0.0,analyst,unknown
job-8d901ce6aff0c4c6,Data Science Intern,32000,41000,N,Part-time,1,36500.0,scientist,unknown
job-8e23851edeede366,Data Analyst - Digital Marketing (Remote),48000,61000,Y,Full-time,0,54500.0,analyst,unknown
job-8e93fbb7fdfdf2f0,Associate Data Scientist,0,0,N,Full-time (i),0,0.0,scientist,jr
job-8ecfea99377507e6,Data Engineer (Remote Option*),86000,128500,Y,Full-time,0,107250.0,engineer,unknown
job-8f189086f8c0e201,eCom Data Platform Engineer,65000,132500,N,Full-time,0,98750.0,engineer,unknown
job-8f1c66141dd55313,Data Scientist,0,0,N,Full-time (i),0,0.0,scientist,unknown
job-8f6a733c2512f3b8,Data Scientist,84000,107000,N,Full-time,0,95500.0,scientist,unknown
job-9050eac0e988b0f8,Data Analyst,61480,63991,N,Full-time,0,62735.5,analyst,unknown
job-90b7220a3df4738e,Data Engineering Internship,21,27,N,Internship,1,24.0,engineer,unknown
job-9121961dd71d9a44,Data Engineer,73,73,N,Full-time,0,73.0,engineer,unknown
job-91a1808eec7ad9a4,Senior Data Scientist - Algorithms,0,0,N,Full-time (i),0,0.0,scientist,sr
job-922f9ba42e56bdf5,Data Engineer,93000,118000,N,Full-time,0,105500.0,engineer,unknown
job-923fdbc199573e17,Data Science Internship,63000,80000,N,Internship,1,71500.0,scientist,unknown
job-9249d3bd70f26e1c,Data Engineer,80000,110000,N,Full-time,0,95000.0,engineer,unknown
job-92a06e8f05ff1719,Data Scientist,150000,160000,N,Full-time,0,155000.0,scientist,unknown
job-92aa0975c1072913,Data Science Intern (Summer 2023),76000,96000,N,Part-time,1,86000.0,scientist,unknown
job-92ce6b6f3da1495f,Data Science Bootcamp Teaching Assistant (Virtual/Remote),38000,48000,Y,Part-time,0,43000.0,scientist,assisstant
job-937e42ce4eec4933,Staff Data Scientist (Mailchimp),95000,121000,N,Full-time (i),0,108000.0,scientist,unknown
job-93bf766fe8c1b26e,Staff Data Scientist,142800,265200,N,Full-time,0,204000.0,scientist,unknown
job-94ae0893b9b53f62,"AI/ML - Junior Engineer, Siri Entity Resolution Quality",0,0,N,Full-time (i),0,0.0,engineer,jr
job-95126f6c210ca8ce,Data Scientist,112000,136000,Y,Full-time (i),0,124000.0,scientist,unknown
job-9588bb7c7e9eae39,Data Science Intern,48000,61000,Y,Internship,1,54500.0,scientist,unknown
job-9594589746899768,Data Engineer (Remote),80000,110000,Y,Full-time (i),0,95000.0,engineer,unknown
job-95c90b9c7a8c7b77,Senior AI Data Scientist,133800,220700,N,Full-time,0,177250.0,scientist,sr
job-96d73266b1677e7f,Data Scientist,97000,124000,Y,Full-time (i),0,110500.0,scientist,unknown
job-9780f9a3bbef1845,Data Analyst 3 - Assortment,0,0,N,Full-time,0,0.0,analyst,unknown
job-97d822e65cb2cb7b,"Staff Data Scientist, ML Ops",135000,171000,Y,Full-time (i),0,153000.0,engineer,unknown
job-97f33b65384d0965,Load Forecast Data Scientist,92000,117000,N,Full-time,0,104500.0,scientist,unknown
job-98aba3bf29879d59,(5) Data Analyst / Data Scientist,81000,103000,Y,Contract,0,92000.0,analyst,unknown
job-98af99c2e306f12c,W2 position - AWS Data Engineers with PHARMACEUTICAL EXPERIENCE.,106000,134000,Y,Contract,0,120000.0,engineer,unknown
job-98d13b8ba69ceadd,Forensic Scientist Data Review I (NDOT),0,0,N,Full-time,0,0.0,scientist,unknown
job-98f36730339fdbbb,"Data Science, Graduate Internship",18,50,N,Full-time,1,34.0,scientist,unknown
job-9926cda9501b00a2,Python Data Engineer,95000,121000,N,Full-time,0,108000.0,engineer,unknown
job-99d232c89d28ff0b,Data Scientist,88000,111000,Y,Full-time (i),0,99500.0,scientist,unknown
job-99d3b8fe92425063,2023 Data Science Fellowship,91000,116000,N,Full-time,0,103500.0,scientist,unknown
job-99fda8644c48cb0f,Data Scientist (FT),85000,100000,N,Full-time,0,92500.0,scientist,unknown
job-9a82bddb264631d6,Data Scientist,0,0,Y,Full-time,0,0.0,scientist,unknown
job-9aad7c98c1e7d985,Data Scientist,0,0,N,Full-time (i),0,0.0,scientist,unknown
job-9ace76b37f6ccf19,Research Data Scientist,76000,96000,N,Full-time,0,86000.0,scientist,unknown
job-9ad0f57c5be219d6,Lead Health Scientist (Data Scientist),117692,152998,N,Full-time,0,135345.0,scientist,unknown
job-9bc23389d74f8d3d,Data Scientist,65000,76000,Y,Full-time (i),0,70500.0,scientist,unknown
job-9bd2e03ab5f5ff5b,Sustainability Data Analyst,0,0,N,Full-time (i),0,0.0,analyst,unknown
job-9bd986572f9f0519,Data Engineer,116000,146000,N,Full-time,0,131000.0,engineer,unknown
job-9c58a08b1394a86f,Data Scientist,89000,113000,N,Full-time,0,101000.0,scientist,unknown
job-9c83337880f04b6d,Data Scientist I,0,0,N,Full-time (i),0,0.0,scientist,unknown
job-9cdd237be9742b58,IT- Data and Analytics Summer Intern 2023,28,28,Y,Full-time,1,28.0,analyst,unknown
job-9d021144296f7289,Algorithm Data Scientist,119000,150000,N,Full-time (i),0,134500.0,scientist,unknown
job-9d5c3104bac9e47d,Data Science Intern,0,0,N,Part-time,1,0.0,scientist,unknown
job-9dd1a2b61280835f,Data Science Intern (Audio Analysis),46000,59000,Y,Full-time,1,52500.0,analyst,unknown
job-9f288beebed53cdb,Statistical Assistant,84000,107000,N,Full-time (i),0,95500.0,unknown,assisstant
job-9f2ffb01673d9d44,"2023 Summer Internship - Intern, Strategy & Analytics",44000,55000,N,Internship,1,49500.0,analyst,unknown
job-9f9fb479fb0e2ead,Data Scientist,0,0,N,Full-time (i),0,0.0,scientist,unknown
job-9fc8a6e37ca34d22,Associate Data Analyst,53000,68000,N,Part-time,0,60500.0,analyst,jr
job-a041b36acfb25fe8,"Intern, Baseball Analytics",0,0,N,Internship,1,0.0,analyst,unknown
job-a05a6d5b47ba410b,Data Scientist,111000,141000,Y,Full-time (i),0,126000.0,scientist,unknown
job-a06c00940485694e,Data Engineer,76000,97000,Y,Full-time,0,86500.0,engineer,unknown
job-a0a88138c22acb6c,Data Scientist Apprentice,0,0,N,Full-time,0,0.0,scientist,unknown
job-a11a9ecd3ead3b85,Decision Science Data Analyst - Media (hybrid),80000,102000,N,Full-time (i),0,91000.0,analyst,unknown
job-a15af96313f2650f,Data Analytics Intern,32000,41000,N,Full-time,1,36500.0,analyst,unknown
job-a1693f58770af7c5,"Principal Data Scientist, Ecosystem",170000,215000,N,Full-time,0,192500.0,scientist,unknown
job-a284f87d4869cb23,Data Science Product Owner (REMOTE),140000,157000,Y,Full-time,0,148500.0,scientist,unknown
job-a3c7f5701045c70c,Data Scientist,137000,173000,Y,Full-time (i),0,155000.0,scientist,unknown
job-a3c9cbd5c86fbdb3,Data Scientist (Hybrid),0,0,N,Full-time,0,0.0,scientist,unknown
job-a4d05dd1360ad3a0,Data and Research Analyst,70000,70000,N,Full-time,0,70000.0,analyst,unknown
job-a50132f749ea8c5b,Data Scientist,80000,102000,N,Full-time (i),0,91000.0,scientist,unknown
job-a569e5db3931a97a,Remote Data Engineer,89000,113000,Y,Full-time,0,101000.0,engineer,unknown
job-a5a07807eac8599c,Data Insights & Analytics intern,0,0,N,Full-time,1,0.0,analyst,unknown
job-a5cff3ffc1c3af5b,Data Scientist,93000,118000,N,Full-time,0,105500.0,scientist,unknown
job-a64a91d7ea3e62e0,Trading/Quantitative Modeling | Analyst | New York,0,0,N,Full-time,0,0.0,analyst,unknown
job-a7bfbca0692b6a16,Data Scientist,101000,128000,N,Full-time,0,114500.0,scientist,unknown
job-a7bfec1d1c1e3374,2023 Summer Internship Program - Data Analytics,0,0,N,Full-time,1,0.0,analyst,unknown
job-a84480e80c4c7998,Reservior Data Analyst Intern,42000,54000,N,Internship,1,48000.0,analyst,unknown
job-a84a2412e1f451f6,"Intern, Data Science - Sales Analytics (Summer 2023)",48000,61000,Y,Full-time,1,54500.0,analyst,unknown
job-a88fddbc4eff63ec,Data Scientist - SOCOM,98000,125000,N,Full-time,0,111500.0,scientist,unknown
job-a8be4b7dd3077ec0,Data Scientist - Role can be remote,93000,118000,Y,Full-time,0,105500.0,scientist,unknown
job-a90e4a849ec478bb,Nike Sport Research Lab Data Science Graduate Internship,0,0,N,Full-time,1,0.0,scientist,unknown
job-a9335a3bb68258c7,Data Engineers,66000,83000,N,Internship,1,74500.0,engineer,unknown
job-a98c1cfbaa8f478e,Data Science Teacher,120000,500000,N,Full-time,0,310000.0,scientist,unknown
job-aa217f4c422b65b5,Commercial Data Engineer,79000,101000,N,Full-time,0,90000.0,engineer,unknown
job-aa6f0a56d196eaee,Data Science Intern - University Students - FinLab,58000,74000,N,Internship,1,66000.0,scientist,unknown
job-aaa2eecaa08fa2cb,Data Scientist,150000,180000,N,Full-time,0,165000.0,scientist,unknown
job-ab2041699fed05c5,Data Science Intern Summer 2023,0,0,N,Internship,1,0.0,scientist,unknown
job-ab629fc2892e6463,Data Scientist II,89000,113000,N,Full-time (i),0,101000.0,scientist,unknown
job-ab6d3dc078271874,AI Research Scientist,0,0,N,Full-time,0,0.0,scientist,unknown
job-ac675be03334f134,"Quantitative Developer Intern, Summer 2023",41000,52000,N,Full-time,1,46500.0,unknown,unknown
job-ac7a0722218b5824,JUNIOR DATA ENGINEER (100% REMOTE AVAILABLE),79000,100000,Y,Full-time (i),0,89500.0,engineer,jr
job-ac7ecf778e717323,Technical Prof-Data Science (Associate - Senior),0,0,N,Full-time,0,0.0,scientist,jr
job-ac869a1079a33432,Engineer - Java & Data - Business Intelligence,0,0,N,Full-time (i),0,0.0,engineer,unknown
job-acb88de900421828,Water Resources Data Scientist - Snow Hydrology,0,0,Y,Full-time,0,0.0,scientist,unknown
job-ad5eff59731c5c4b,Climate Data Scientist,121000,154000,Y,Full-time (i),0,137500.0,scientist,unknown
job-af0047ffdcc82f78,Data Scientist - SDV,86460,141060,Y,Full-time (i),0,113760.0,scientist,unknown
job-af05f0f971181c00,Data Analytics Intern,35000,45000,N,Full-time,1,40000.0,analyst,unknown
job-af76ed2095f8cc27,Summer 2023 Internship - Data Scientist,68000,86000,Y,Full-time,1,77000.0,scientist,unknown
job-af9d50d94000df12,Data Scientist - Payment Optimization,0,0,N,Full-time (i),0,0.0,scientist,unknown
job-afd32cbbffe5d982,Data Scientist,82000,113500,Y,Full-time (i),0,97750.0,scientist,unknown
job-b05838efde760be5,Data Scientist,93000,118000,N,Full-time,0,105500.0,scientist,unknown
job-b0a92f7d684f0cdc,Data Scientist,124000,157000,Y,Contract,0,140500.0,scientist,unknown
job-b0f2631f4eb9ed6d,Professional-Big Data Engineer,126700,145000,N,Full-time,0,135850.0,engineer,unknown
job-b10e5cb51a13c324,Data Scientist (Virtual),125000,195000,Y,Full-time (i),0,160000.0,scientist,unknown
job-b1664220754b0653,Data Engineer,84000,107000,N,Full-time,0,95500.0,engineer,unknown
job-b4f068fb35872c94,Data Scientist,0,0,N,Full-time,0,0.0,scientist,unknown
job-b5a66fd1accd37ad,Data Scientist,85000,108000,N,Full-time,0,96500.0,scientist,unknown
job-b5b0a95b7e7e6c14,Head of Core Experience Machine Learning & Causal Inference Data Science,0,0,N,Full-time (i),0,0.0,scientist,unknown
job-b6123a112247f004,Data Engineer,103000,130000,N,Full-time (i),0,116500.0,engineer,unknown
job-b764040ba327260a,Summer 2023 - Data Science Intern,0,0,N,Full-time,1,0.0,scientist,unknown
job-b7db8489068acbaf,Data Scientist,150000,230000,N,Full-time,0,190000.0,scientist,unknown
job-b860aab171ecb208,Data Scientist,85000,108000,N,Full-time,0,96500.0,scientist,unknown
job-b8de7493c963d2d1,Data Scientist,86900,127500,N,Full-time,0,107200.0,scientist,unknown
job-b9367d92b9333460,Data Science Intern,31000,40000,Y,Internship,1,35500.0,scientist,unknown
job-b97ac176c799ad23,Machine Learning Research Assistant,7000,7000,Y,Full-time,0,7000.0,unknown,assisstant
job-b99bae20809356e3,Data Analytics Undergraduate Intern,51000,64000,N,Internship,1,57500.0,analyst,unknown
job-baa9f2f660caba87,Data Science Associate (Remote),83000,106000,Y,Full-time,0,94500.0,scientist,jr
job-bab2d2e950d5ad3c,Jr. Data Scientist with TS/SCI Poly,74750,155250,N,Full-time,0,115000.0,scientist,jr
job-bb0407e8144237a7,Associate Partner of Data Science,200000,250000,N,Full-time,0,225000.0,scientist,jr
job-bb28e752879d2931,Data Science Associate,56600,75000,N,Full-time,0,65800.0,scientist,jr
job-bb6ff36b593be288,Data Integration Engineer - Remote,0,0,Y,Full-time,0,0.0,engineer,unknown
job-bb82cc4bd24064dd,Data Engineer,109000,138000,Y,Full-time (i),0,123500.0,engineer,unknown
job-bc455890ba006756,Intern Data Analysts,10,10,Y,Internship,1,10.0,analyst,unknown
job-bc4fc772e60ee82d,Forensic Data Science Associate - Summer/Fall 2023 (National),62000,78000,N,Full-time (i),0,70000.0,scientist,jr
job-bc697ada8197edfe,Intern - Data Science,42000,53000,N,Internship,1,47500.0,scientist,unknown
job-bcc6de54e0095d2e,"Data Scientist, Special Initiatives",135000,171000,Y,Full-time (i),0,153000.0,scientist,unknown
job-bcffda3962391341,Data Scientist,74682,176300,N,Full-time,0,125491.0,scientist,unknown
job-bd6f64ace12b8868,NLP Intern,60000,76000,Y,Internship,1,68000.0,unknown,unknown
job-bd8d09c98be25ee7,Field Data Scientist,128000,162000,N,Full-time,0,145000.0,scientist,unknown
job-beb33b8adc578f74,Data Scientist - Statistical Scientist,109000,138000,N,Full-time,0,123500.0,scientist,unknown
job-bf410dae7c391c0a,Summer 2023 Data Analyst Co-Op/Intern,65000,82000,N,Full-time,1,73500.0,analyst,unknown
job-bfb1470297443699,Data Scientist,90000,130000,Y,Full-time,0,110000.0,scientist,unknown
job-c04937483b7317ca,Data Visualization Engineer,108000,137000,Y,Full-time (i),0,122500.0,engineer,unknown
job-c17a91766ff0b80b,"Data Scientist, CG-1560-13/14",0,0,N,Full-time (i),0,0.0,scientist,unknown
job-c1b2cd03dc88dc38,Statistical Analyst,82800,110200,Y,Full-time (i),0,96500.0,analyst,unknown
job-c282a1a1e6642355,AI Research Scientist Intern,7000,9000,Y,Full-time,1,8000.0,scientist,unknown
job-c308771c17204ec8,Internship - Undergraduate Data Science & Engineering Intern,38000,49000,N,Full-time,1,43500.0,engineer,unknown
job-c3a7d3c94ef3a0e1,Sr Data Scientist - Innovation,80000,195000,N,Full-time,0,137500.0,scientist,sr
job-c5300c58c7369739,"Analyst, Data Science",84000,107000,N,Full-time (i),0,95500.0,analyst,unknown
job-c5552a94dfdad4b1,Data Science Intern,46000,58000,N,Internship,1,52000.0,scientist,unknown
job-c5c10211b71b9b8f,Data Scientist Co-Op (Spring 2023),92000,117000,Y,Full-time (i),1,104500.0,scientist,unknown
job-c5ef8dc4f65d0573,Machine Learning and AI Data Scientist - Python / R / NLP,103000,130000,N,Full-time,0,116500.0,scientist,unknown
job-c6972ffa5fac8508,"Senior Software Engineer, Data Science",0,0,N,Full-time,0,0.0,engineer,sr
job-c6b776b92e1ac9e5,Product Analyst,119000,145000,Y,Full-time (i),0,132000.0,analyst,unknown
job-c6beb8ea1be3850c,Data Scientist,87000,111000,Y,Full-time,0,99000.0,scientist,unknown
job-c6e1591df0bbebd4,Data Engineer Co-op Winter/Spring 2023,84000,107000,N,Full-time,1,95500.0,engineer,unknown
job-c826684cbd7f1084,Data Scientist,111000,140000,Y,Full-time,0,125500.0,scientist,unknown
job-c8a4a60e7f4dd47b,Data Scientist II,95025,152271,Y,Full-time,0,123648.0,scientist,unknown
job-c9067c61d10bec69,"Intern Research Scientist, NLP, Conversational AI - NEON",0,0,N,Internship,1,0.0,scientist,unknown
job-c9cb3d219bb11513,Data & Analytics Engineer,90000,130000,Y,Full-time,0,110000.0,analyst,unknown
job-c9cee0ba640e973d,Data Scientist Intern,63000,79000,N,Full-time,1,71000.0,scientist,unknown
job-c9fd841a8d2c81fa,Data Scientist,0,0,N,Full-time,0,0.0,scientist,unknown
job-caafb3973f60107c,Data Scientist/Analyst Intern or Co-op - Spring & Summer 2023,43000,54000,N,Internship,1,48500.0,analyst,unknown
job-cb480d80108fdc6f,Data Analyst,93000,118000,N,Full-time,0,105500.0,analyst,unknown
job-cbae39b36a834d6b,Data Engineer,115293,173939,Y,Full-time (i),0,144616.0,engineer,unknown
job-cbb61a06e49005bc,Data Analyst,0,0,N,Full-time (i),0,0.0,analyst,unknown
job-cbc245b33fc4134f,Data Scientist II - AI and Machine Learning,107000,135000,N,Full-time (i),0,121000.0,scientist,unknown
job-cc21d36b671fa713,Data Science Intern,40000,50000,N,Internship,1,45000.0,scientist,unknown
job-cc569e96bedff711,"Intern, Data Science",0,0,N,Full-time,1,0.0,scientist,unknown
job-cc63fdab40cfd239,Data Engineer Fellowship -1 Year,70000,70000,N,Full-time,0,70000.0,engineer,unknown
job-cdaea6c0b7a862fe,Data Scientist,59005,80542,N,Full-time,0,69773.5,scientist,unknown
job-ce1cfdf3560291b9,2023 Intern - Research Scientist/Engineer,0,0,N,Full-time,1,0.0,engineer,unknown
job-ce2084ae0ccf4bb7,Junior Data Scientist,69000,87000,N,Full-time,0,78000.0,scientist,jr
job-ce21f238f24eb496,Cybersecurity and Data Science,55000,69000,N,Full-time (i),0,62000.0,scientist,unknown
job-d018177f335deb0e,2023 AI & Data Science Full Time Analyst,99750,135000,N,Full-time,0,117375.0,analyst,unknown
job-d07a201951b74637,Data Scientist - Forecasting,111000,140000,N,Full-time (i),0,125500.0,scientist,unknown
job-d089730c224823e9,USA - Associate Threat Analytics Data Scientist,77000,98000,Y,Full-time,0,87500.0,analyst,jr
job-d1062e34e7b6a2c9,Data Scientist,0,0,N,Full-time,0,0.0,scientist,unknown
job-d13253bb2626a9c8,Data Engineer,54000,140000,N,Full-time,0,97000.0,engineer,unknown
job-d23bf8bf628e59a6,Data Analytics Data Scientist,107000,136000,N,Full-time (i),0,121500.0,analyst,unknown
job-d2558814f5b5cd21,Actuarial Data Scientist,63100,137900,Y,Full-time (i),0,100500.0,scientist,unknown
job-d30226cf83d9daaa,2023 Social Justice Data Science Internship,20,20,Y,Full-time,1,20.0,scientist,unknown
job-d318e297ed79ca51,Data & Applied Scientist,0,0,N,Full-time,0,0.0,scientist,unknown
job-d34b38d321e035d3,Data Analyst,75000,75000,N,Full-time,0,75000.0,analyst,unknown
job-d3f7fb663634407d,Data Engineer (Full Time) United States,105000,133000,N,Full-time,0,119000.0,engineer,unknown
job-d42a40a11d675cc9,Data Scientist [NYC],103000,131000,N,Full-time (i),0,117000.0,scientist,unknown
job-d436647f62c5f4d3,Data Scientist,75000,130000,N,Full-time,0,102500.0,scientist,unknown
job-d481a53712856322,Jr. Data Scientist,86000,110000,Y,Full-time,0,98000.0,scientist,jr
job-d483ae9d634cb78a,Data Products Engineer,0,0,N,Full-time (i),0,0.0,engineer,unknown
job-d51427de90fbee90,Senior Data Scientist,136000,172000,Y,Full-time (i),0,154000.0,scientist,sr
job-d5467cd6eab30e70,Data Analyst - USA,61000,78000,N,Full-time (i),0,69500.0,analyst,unknown
job-d5c16ce64f854ef0,Data Scientist,89000,113000,N,Full-time,0,101000.0,scientist,unknown
job-d641fca9c1f31499,Lead Engineer - Data Science,96000,168000,Y,Full-time (i),0,132000.0,engineer,unknown
job-d643695fb61eb16f,Data Scientist - Entry Level,75000,95000,N,Full-time,0,85000.0,scientist,unknown
job-d64ff40da25d604a,"Data Scientist- TikTok Ads, Ads Targeting, Auction and Delivery",132000,167000,N,Full-time (i),0,149500.0,scientist,unknown
job-d68c01ba67d0bbcb,Data Scientist,0,0,N,Full-time (i),0,0.0,scientist,unknown
job-d751b2f264bf621f,Speech Recognition Data Labeler (Contract),450,650,Y,Contract,0,550.0,unknown,unknown
job-d85f8d5fcfdd474b,Data Science Intern,74000,94000,N,Full-time,1,84000.0,scientist,unknown
job-d9660fd9c0998041,"Data Center Mechanical Engineer, Advanced Technology Innovation",0,0,N,Full-time,0,0.0,engineer,unknown
job-d9e3e6f88e6dc0f2,Data Science Intern,37000,47000,N,Full-time,1,42000.0,scientist,unknown
job-d9ea99a4264c54f0,"Data Scientist, Deep Learning",0,0,N,Full-time (i),0,0.0,scientist,unknown
job-dad80f6567485dd3,Analytics Internship,77000,98000,N,Internship,1,87500.0,analyst,unknown
job-dbf6e6a46aa7df96,Data Science Analyst,72000,92000,N,Full-time (i),0,82000.0,analyst,unknown
job-dc37b651dfb87d1e,Data Engineer,81000,99000,Y,Full-time,0,90000.0,engineer,unknown
job-dd35b07bed340dcb,Quantitative Researcher – Graduate,0,0,N,Full-time (i),0,0.0,unknown,unknown
job-dd57a3026de3c386,Data Science Intern - Summer 2023,40000,51000,N,Full-time,1,45500.0,scientist,unknown
job-dd726d0782deacea,Data Analytics Intern - Summer 2023,32000,41000,N,Full-time,1,36500.0,analyst,unknown
job-dd86d891fe09f4bf,Data Engineer,90000,115000,Y,Internship,1,102500.0,engineer,unknown
job-dd8c8f663bac9b83,Data Engineer (Jr),114000,144000,N,Full-time (i),0,129000.0,engineer,jr
job-de71400ddc9a7ed2,Undergraduate Internship - Data Science (Bachelors),0,0,N,Full-time,1,0.0,scientist,unknown
job-deb1ca954a3ed441,Data Visualization Specialist,58000,73000,Y,Contract,0,65500.0,unknown,unknown
job-defcdef6accd6f19,Data Scientist (Level I - II),72000,91000,N,Full-time (i),0,81500.0,scientist,unknown
job-df14e8b6e8a01081,2023 Intern - Data Science,73000,93000,N,Full-time,1,83000.0,scientist,unknown
job-e0d0b4766e7f465c,Data Engineer,114000,145000,Y,Full-time,0,129500.0,engineer,unknown
job-e11d9416d7bf8d30,"Director, Data Governance - Remote",0,0,Y,Full-time (i),0,0.0,unknown,unknown
job-e1e806fc03ad5e57,Project Manager III - Data Science Innovation,0,0,Y,Full-time (i),0,0.0,scientist,unknown
job-e264c4aba9211354,Data Analyst,66000,84000,N,Full-time (i),0,75000.0,analyst,unknown
job-e3c99c9459389a7b,New Product Validation Intern,20,20,Y,Full-time,1,20.0,unknown,unknown
job-e3f1da7cc0f1079c,"Data Scientist, F&S",136000,173000,Y,Full-time,0,154500.0,scientist,unknown
job-e42ad4ad7f9d17ed,Data and Integration Engineer - Remote,64285,102855,Y,Full-time,0,83570.0,engineer,unknown
job-e456a3303923ecc6,Data Engineer,101000,128000,Y,Full-time (i),0,114500.0,engineer,unknown
job-e485f0d6e50eb1a1,Data Engineer,96000,122000,N,Full-time (i),0,109000.0,engineer,unknown
job-e54ca2168fb24770,Energy Market GIS and/or Data Analyst,60,80,N,Full-time,0,70.0,analyst,unknown
job-e563a2ee94755f6b,Data Scientist/Computational Biologist Intern,0,0,N,Full-time,1,0.0,scientist,unknown
job-e568e974246e9092,AI-ML Engineer Intern/Co-Op,64000,81000,N,Part-time,1,72500.0,engineer,unknown
job-e58da802b5f4510c,Data Associate – Data Visualization Specialist,53000,68000,Y,Full-time,0,60500.0,unknown,jr
job-e66af60e1ee24165,Digital Loss Prevention Data Analyst - North America Nike Direct Digital Commerce (Remote Option*),86000,128500,Y,Full-time,0,107250.0,analyst,unknown
job-e766c04c226a1dbf,"Data Scientist, CV/NLP",94000,120000,Y,Full-time,0,107000.0,scientist,unknown
job-e7ba1b1f53d93324,Economic Data Scientist,90000,150000,N,Full-time,0,120000.0,scientist,unknown
job-e80f8f9fd5282afd,Data Engineer,140000,170000,Y,Full-time,0,155000.0,engineer,unknown
job-e81231b39cf512d0,"Data Scientist, Analytics II #0000",0,0,Y,Full-time,0,0.0,analyst,unknown
job-e8a473850d959a23,2023 SETUP Technology Full Time Program – Data Scientist - New York,55000,100000,N,Full-time,0,77500.0,scientist,unknown
job-e8ccf157fe743e60,Data Scientist II,114000,144000,N,Contract,0,129000.0,scientist,unknown
job-e9b6d22970a3b910,Python Data Engineer,105000,133000,Y,Contract,0,119000.0,engineer,unknown
job-e9d9c0cd33be8957,Data Scientist,112000,142000,N,Full-time,0,127000.0,scientist,unknown
job-ea15fa77ed7bb5c6,Data Analyst/Scientist,0,0,N,Part-time,0,0.0,analyst,unknown
job-ebd17b92334863fc,Chief Technology Officer,300000,400000,N,Full-time,0,350000.0,unknown,unknown
job-ec38a723adb5efec,Data Science Intern,15,15,N,Internship,1,15.0,scientist,unknown
job-edb01b018993a2e0,Senior Data Analyst,79000,100000,Y,Full-time,0,89500.0,analyst,sr
job-ee436d777987399e,Undergrad Intern - Biophysical Data Scientist (Remote),0,0,Y,Full-time,1,0.0,scientist,unknown
job-ee4db6c86845c153,Data Scientist,80000,100000,Y,Full-time,0,90000.0,scientist,unknown
job-ee8702a31f28862c,Data Analytics Engineer (Remote),90000,115000,Y,Full-time,0,102500.0,analyst,unknown
job-f0aca61664eba6cd,"Data Scientist, Junior",87000,111000,N,Full-time (i),0,99000.0,scientist,jr
job-f0d02935a4686b0f,Staff Data Scientist,176634,176634,Y,Full-time,0,176634.0,scientist,unknown
job-f1ba11427b4dece6,"Senior Data Analyst, Supply Chain (Remote)",0,0,Y,Full-time (i),0,0.0,analyst,sr
job-f1d0a408b3ca594c,Data Scientist,102000,130000,N,Full-time,0,116000.0,scientist,unknown
job-f205b91f113dfafb,Data Scientist - All Levels,99000,126000,N,Full-time (i),0,112500.0,scientist,unknown
job-f2c0dec0eec47be9,Data Science Analyst,70000,89000,N,Full-time,0,79500.0,analyst,unknown
job-f316916398cfacf0,Jr. Data Analyst,56000,71000,N,Full-time (i),0,63500.0,analyst,jr
job-f36c417b5c05e7a9,Data Scientist,80,80,Y,Full-time (i),0,80.0,scientist,unknown
job-f371efa7defdc90a,Six Sigma Data Scientist,0,0,N,Full-time,0,0.0,scientist,unknown
job-f3b76ca213fd1cf9,Data Scientist Consultant,120000,152000,N,Full-time (i),0,136000.0,scientist,unknown
job-f3bd7ff1872a12ef,Data Scientist Internship - OR,68000,87000,N,Internship,1,77500.0,scientist,unknown
job-f3ca2c902f1b5cec,Data Scientist,99000,125000,N,Full-time,0,112000.0,scientist,unknown
job-f430a34876014a45,Global Quantitative Research Summer Associate Program - 2023,0,0,N,Internship,1,0.0,unknown,jr
job-f47ec4185a9c2da9,2023 Summer Intern: eCommerce Data Science (Graduate),0,0,N,Full-time,1,0.0,scientist,unknown
job-f4817fad58986b1b,Research & Development Internship - Basic Science,0,0,N,Internship,1,0.0,scientist,unknown
job-f4b1f6c5f30379c5,Data Science (Audio) Intern,47000,60000,N,Internship,1,53500.0,scientist,unknown
job-f5507b527eecfc07,Data Science Intern,45000,58000,N,Internship,1,51500.0,scientist,unknown
job-f55b650fef8e1c48,Junior Data Engineer,70000,89000,N,Full-time (i),0,79500.0,engineer,jr
job-f69be40b8ae6d0f3,2023 UberSTAR Internship Program - Data Science,0,0,N,Internship,1,0.0,scientist,unknown
job-f71657b122b62532,GCP Data Engineer- (remote),145000,170000,Y,Full-time,0,157500.0,engineer,unknown
job-f79089885227e1ac,Data Scientist,7500,7500,N,Full-time,0,7500.0,scientist,unknown
job-f7b2e9206e2fd91c,Data Scientist,128000,162000,Y,Full-time (i),0,145000.0,scientist,unknown
job-f8e0660a79c87e7a,Data Scientist,113000,143000,N,Full-time,0,128000.0,scientist,unknown
job-f8e595ba86d40c02,Data Scientist - Climate Risk Modeling,122000,154000,Y,Full-time (i),0,138000.0,scientist,unknown
job-f92671ca325357cc,Senior Data Engineer,154600,209200,Y,Full-time (i),0,181900.0,engineer,sr
job-f949a7693adc6e4c,"Intern - Research Data Science, Bioinformatics",0,0,N,Full-time,1,0.0,scientist,unknown
job-f9a84682eae1b57f,Data Scientist – Customer Operations,83000,106000,Y,Full-time,0,94500.0,scientist,unknown
job-f9d9e208ca25481b,Junior Data Scientist,72000,91000,N,Full-time,0,81500.0,scientist,jr
job-fa1487d5e35b1d3d,Azure ML Data scientist,114000,144000,Y,Contract,0,129000.0,engineer,unknown
job-faa71a8a5ad27cb7,Associate Data Scientist (Remote),75000,105000,Y,Full-time,0,90000.0,scientist,jr
job-fc0b543c87373a96,Population Health Visualization Data Analyst,0,0,Y,Full-time,0,0.0,analyst,unknown
job-fc9e8f57f0724de7,Recruiting Analyst,133000,133000,Y,Full-time (i),0,133000.0,analyst,unknown
job-fcae879011e3d6e0,Ads Data Science Manager,155000,197000,N,Full-time (i),0,176000.0,scientist,unknown
job-fcd851dce6a6983c,Data Engineer (Entry Level),22,22,N,Full-time,0,22.0,engineer,unknown
job-fce2caaee819dde7,Data Science Intern (Digital Foundry),38000,49000,N,Internship,1,43500.0,scientist,unknown
job-fd0991eae6ebba1f,"Associate Data Scientist, Operations Decision Science",69000,88000,N,Full-time (i),0,78500.0,scientist,jr
job-fd597b78cece5c01,Data Engineer,90000,160000,Y,Full-time,0,125000.0,engineer,unknown
job-fd6fbae1cbd2e1e8,Junior Data Engineer,74000,93000,Y,Full-time (i),0,83500.0,engineer,jr
job-fda3db668b886829,Data Scientist (Remote),120000,151000,Y,Full-time,0,135500.0,scientist,unknown
job-fdabb3af05a79047,Intern- Materials Data Management,81000,103000,N,Internship,1,92000.0,unknown,unknown
job-fdff1dfc57823024,Data Engineer,103000,131000,N,Full-time,0,117000.0,engineer,unknown
job-fe0301685450ff03,Data Science Leadership Development Program (DSLDP) Intern,33,42,N,Full-time,1,37.5,scientist,unknown
job-fe1e29ef697e00fa,Data Scientist co op (Spring/Summer 2023),29,29,Y,Full-time,0,29.0,scientist,unknown
job-fe5dfdffd802db44,"2023 Intern - Data Analytics, Enforcement",32,32,N,Full-time,1,32.0,analyst,unknown
job-fe6e382847752143,Data Scientist,130000,130000,Y,Full-time,0,130000.0,scientist,unknown
job-feba5abf21314515,eCornell Online Course Facilitator - Data Science,73000,92000,N,Part-time,0,82500.0,scientist,unknown
job-fefab92260ee8f81,Head of Data Science,0,0,N,Full-time (i),0,0.0,scientist,unknown
job-ff336d09b7fb3ce8,Data Scientist,0,0,N,Full-time,0,0.0,scientist,unknown
job-ffa00ac449c52622,Machine Learning Research Intern (Scientific Computing) - 2023 Summer (BS/MS/PhD),0,0,N,Internship,1,0.0,scientist,unknown
